dates,stationid,temperature,humidity,pressure,rain,lightavg,lightmax,moisture
08-07-2018,t10,25.46875,82.1875,1036.346875,6.75,5.5,4000.0,0.0
09-07-2018,t10,26.19298,83.14912,1037.604386,1761.75,11.8448,4000.0,5.693
10-07-2018,t10,25.17021,85.34043,1014.677832,652.5,8.7692,4000.0,5.86515
11-07-2018,t10,24.61972,87.68657,1036.857463,963.0,8.8358,4000.0,6.0373
12-07-2018,t10,24.06923,87.64615,1027.830769,254.25,274.6232,4333.0,31.2385
13-07-2018,t10,21.20779,95.94805,1006.924675,339.75,1623.4941,54612.0,62.21925
15-07-2018,t10,23.48571,96.17143,1006.568571,38.25,134.9,4000.0,93.2
18-07-2018,t10,21.79487,98.58974,999.11134155,29.25,659.8889,4000.0,5.7692
19-07-2018,t10,25.09346,88.3271,1014.677832,4.5,2168.3333,6295.0,4.2897
20-07-2018,t10,24.49211,90.43269,1009.657692,112.5,2082.371,5489.0,3.6154
21-07-2018,,23.89076,94.53782,1009.268067,735.75,6359.0779,54612.0,3.7647
22-07-2018,t10,22.5098,99.0,1009.796078,607.5,7163.6962,54612.0,4.0294
23-07-2018,t10,22.904,98.0,1009.8952,560.25,1356.7432,6495.0,3.832
24-07-2018,t10,21.72464,99.0,996.2891304,513.0,831.3889,4000.0,3.0435
25-07-2018,,23.18182,98.9697,1014.677832,493.875,1623.4941,54612.0,3.0
26-07-2018,t10,21.24272,99.0,1009.205825,474.75,589.8983,4000.0,3.0485
27-07-2018,t10,21.62791,99.0,1008.894574,817.875,859.5696,4000.0,3.1228
28-07-2018,t10,20.90511,99.0,1009.1366485,1161.0,944.5432,4000.0,3.1971
29-07-2018,t10,23.66667,97.80142,1009.378723,0.0,1817.5952,5536.0,2.0355
30-07-2018,t10,24.53077,92.9,1008.658462,0.0,1846.3902,4106.0,1.8
31-07-2018,t10,23.40714,98.97857,1007.945714,240.75,1477.2805,5002.0,1.7143
01-08-2018,t10,22.88652,98.68794,1008.977305,398.25,1529.0843,5347.0,1.1915
02-08-2018,t10,20.0,99.0,1009.394444,2.25,0.0,4000.0,1.0
05-08-2018,t10,20.32203,99.0,1009.664407,816.75,172.9355,4000.0,1.0508
06-08-2018,t10,20.0493,99.0,1009.037324,776.25,351.0875,4000.0,1.0
07-08-2018,t10,21.19012,99.0,1010.746809,681.75,547.5802,4000.0,1.0
08-08-2018,t10,22.33094,99.0,1012.125899,441.0,2752.6087,54612.0,1.0
09-08-2018,t10,23.47482,98.97122,1014.832374,274.5,1623.4941,54612.0,1.1655
10-08-2018,t10,22.88489,99.0,1012.835971,108.0,3885.4691,10057.0,2.0
11-08-2018,t10,22.491315,99.0,1008.612057,76.5,4270.622,54612.0,2.0
12-08-2018,t10,22.09774,99.0,1008.9097166666668,1341.0,2713.987,11745.0,1.7669
13-08-2018,t10,21.03053,99.0,1009.2073763333332,1804.5,4562.3611,54612.0,1.0076
14-08-2018,t10,22.97842,99.0,1009.505036,0.0,4647.5375,13465.0,1.3741
15-08-2018,t10,24.23022,98.99281,1011.415827,0.0,5712.9375,14348.0,9.9928
16-08-2018,t10,23.336125,98.996405,1011.5120894444444,19.125,4237.6709,10860.5,16.1341
17-08-2018,t10,22.44203,99.0,1011.6083518888888,38.25,2325.9114,7373.0,22.2754
18-08-2018,t10,22.00752,99.0,1011.7046143333332,2171.25,1623.4941,54612.0,22.5564
19-08-2018,t10,23.34058,99.0,1011.8008767777776,1456.875,9065.78505,54612.0,22.4648
20-08-2018,t10,23.70423,99.0,1011.8971392222222,742.5,7169.2593,54612.0,22.3732
21-08-2018,t10,21.26761,99.0,1011.9934016666666,443.25,8072.9383,54612.0,23.4155
22-08-2018,t10,22.97826,99.0,1012.089664111111,774.0,3729.6923,11649.0,24.2754
23-08-2018,t10,21.94074,99.0,1012.1859265555556,1167.75,1911.2338,7800.0,24.4
24-08-2018,t10,21.92199,99.0,1012.282189,898.875,1445.1299,5682.0,23.9263
25-08-2018,t10,22.08759,99.0,1012.3784514444444,630.0,979.026,3564.0,23.4526
26-08-2018,t10,22.76812,99.0,1012.4747138888888,594.0,1623.4941,15494.0,23.8478
27-08-2018,t10,24.48227,98.75887,1012.5709763333332,0.0,7555.4,54612.0,23.1631
28-08-2018,t10,24.6338,98.93662,1012.6672387777778,38.25,5482.325,14212.0,22.2465
29-08-2018,t10,23.25532,99.0,1012.7635012222222,65.25,4054.0,15848.0,21.5319
30-08-2018,t10,22.85315,99.0,1012.8597636666666,546.75,3913.1728,11093.0,21.7483
31-08-2018,t10,22.52143,99.0,1012.9560261111112,576.0,3378.8206,11815.5,23.4929
01-09-2018,t10,21.6955,99.0,1013.0522885555556,605.25,2844.4684,12538.0,24.1053
02-09-2018,t10,20.86957,99.0,1013.148551,634.5,2844.4684,12538.0,24.4855
03-09-2018,t10,21.6015,99.0,1013.132331,29.25,2844.4684,12538.0,23.9173
04-09-2018,t10,22.55263,99.0,1013.880702,1091.25,2844.4684,12538.0,23.5439
05-09-2018,t10,22.83019,99.0,1013.082075,13.5,1623.4941,54612.0,23.6887
06-09-2018,t10,23.98473,98.89313,1013.178626,58.5,5152.8955,54612.0,23.9924
07-09-2018,t10,24.47253,97.46154,1015.737363,162.0,5152.8955,54612.0,24.7363
08-09-2018,t10,22.76336,99.0,1015.917557,4.5,5152.8955,54612.0,24.0534
09-09-2018,t10,23.05674,98.97934,1016.965248,29.25,3384.0263,10515.0,23.2695
10-09-2018,t10,23.71901,98.95868,1017.559504,54.0,4214.8571,15859.0,21.2562
11-09-2018,t10,23.01724,99.0,1016.480172,157.5,4263.4459,11103.0,22.3879
12-09-2018,t10,22.29927,97.23358,1013.544526,87.75,4263.4459,11103.0,22.5427
13-09-2018,t10,21.42857,99.0,1013.332773,366.75,4263.4459,11103.0,22.6975
14-09-2018,t10,20.84211,98.14286,1015.972932,183.375,4263.4459,11103.0,21.45945
15-09-2018,t10,20.42857,99.0,1017.761429,0.0,4263.4459,11103.0,20.2214
16-09-2018,t10,22.45985,90.43796,1016.443066,0.0,4263.4459,11103.0,18.708
17-09-2018,t10,22.16921,90.54545,1015.98939,0.0,4263.4459,11103.0,16.83615
18-09-2018,t10,21.87857,91.54286,1015.535714,0.0,4263.4459,11103.0,14.9643
19-09-2018,t10,22.77372,88.33577,1015.678832,0.0,4263.4459,11103.0,13.927
20-09-2018,t10,23.32857,85.64286,1016.66,0.0,4263.4459,11103.0,12.5357
21-09-2018,t10,21.64286,99.0,1019.519286,589.5,4263.4459,11103.0,11.7714
22-09-2018,t10,17.65385,99.0,1020.484615,207.0,0.0,4000.0,2.6154
23-09-2018,t10,17.34,99.0,1018.4,281.25,3536.3333,54612.0,6.64
24-09-2018,t10,15.96992,99.0,1016.937594,1215.0,4263.4459,11103.0,6.8647
25-09-2018,t10,20.80741,95.76296,1017.057778,2.25,4263.4459,11103.0,1.3926
26-09-2018,t10,22.37857,90.69286,1016.634286,0.0,4263.4459,11103.0,1.1929
27-09-2018,t10,21.76471,94.65441,1017.828676,0.0,1623.4941,54612.0,1.0368
28-09-2018,t10,19.97872,98.93617,1018.870213,0.0,4414.1091,54612.0,1.0
29-09-2018,t10,21.92701,89.9635,1019.938686,0.0,4516.8451,11700.0,0.9927
30-09-2018,t10,21.86765,88.70588,1018.620588,0.0,4598.2676,10660.0,0.6103
01-10-2018,t10,21.7234,84.13475,1018.668085,0.0,4414.0417,11161.0,0.2553
02-10-2018,t10,21.567375,82.450355,1018.8631205,0.0,5882.726,54612.0,0.1079
03-10-2018,t10,21.41135,80.76596,1019.058156,0.0,4351.6901,13652.0,0.0496
04-10-2018,t10,20.15603,80.41844,1020.691489,74.25,4351.6901,13652.0,3.3901
05-10-2018,t10,20.05072,76.53623,1021.807971,0.0,3697.3056,8477.0,10.3116
06-10-2018,t10,20.38129,70.5036,1020.628777,0.0,4351.6901,13652.0,9.5324
07-10-2018,t10,19.84173,76.4964,1019.928777,0.0,6855.3286,54612.0,8.9928
08-10-2018,t10,20.05882,78.66912,1018.497059,0.0,6855.3286,54612.0,6.6176
09-10-2018,t10,20.26812,72.2029,1018.703623,0.0,6855.3286,54612.0,0.0
10-10-2018,t10,20.77857,67.38571,1018.994286,24.75,6855.3286,54612.0,0.0929
11-10-2018,t10,17.71223,87.72662,1020.029496,315.0,6855.3286,54612.0,0.295
12-10-2018,t10,18.074425,85.194295,1021.259286,0.0,6855.3286,54612.0,0.3571
13-10-2018,t10,18.43662,82.66197,1020.980282,0.0,6855.3286,54612.0,0.007
14-10-2018,t10,18.40714,82.82857,1020.8631905,0.0,6855.3286,54612.0,0.0071
15-10-2018,t10,18.36879,80.40426,1020.746099,0.0,6855.3286,54612.0,0.0213
16-10-2018,t10,19.02746,65.30067,1020.36575,0.0,6855.3286,54612.0,0.0145
17-10-2018,t10,19.68613,50.19708,1019.985401,0.0,6855.3286,54612.0,0.0073
18-10-2018,t10,19.69286,53.86429,1019.663571,0.0,6855.3286,54612.0,0.0071
19-10-2018,t10,19.29078,50.82979,1020.826241,0.0,6855.3286,54612.0,0.0071
20-10-2018,t10,18.57971,56.76087,1022.741304,0.0,6855.3286,54612.0,0.0145
21-10-2018,t10,17.94245,69.70504,1023.085612,0.0,6855.3286,54612.0,0.0288
22-10-2018,t10,17.59712,62.07914,1021.238849,0.0,6855.3286,54612.0,0.0
23-10-2018,t10,17.73571,57.10714,1021.158571,0.0,1623.4941,54612.0,0.0071
24-10-2018,t10,16.46923,60.64615,1021.599231,0.0,1623.4941,54612.0,0.0154
25-10-2018,t10,17.33094,65.41727,1022.845324,0.0,1623.4941,54612.0,0.0216
26-10-2018,t10,17.74101,67.42446,1024.593525,0.0,6779.3509,54612.0,0.0
27-10-2018,t10,17.48227,72.75177,1024.773759,0.0,4422.971,13652.0,0.0071
28-10-2018,t10,18.35714,72.72857,1024.462143,0.0,4209.4714,8582.0,0.0071
29-10-2018,t10,18.2695,76.35461,1023.589362,0.0,4217.0441,8616.0,0.0
30-10-2018,t10,18.0,84.66429,1023.259286,0.0,4217.0441,8616.0,0.0
31-10-2018,t10,18.97015,78.98507,1024.435075,0.0,4386.7419,8060.0,0.0
01-11-2018,t10,17.03101,94.0155,1023.060465,0.0,3020.8065,6569.0,0.0078
02-11-2018,t10,14.69369,90.10811,1022.226126,0.0,1718.1385,7842.0,2.8108
06-11-2018,t10,13.97872,89.46809,1020.312766,0.0,827.1875,4000.0,0.3191
07-11-2018,t10,15.8626,77.55725,1020.820611,0.0,3020.8065,6569.0,0.4275
08-11-2018,t10,14.70079,82.61417,1021.885827,0.0,3020.8065,6569.0,0.3701
09-11-2018,t10,15.41085,81.10078,1020.051163,0.0,3020.8065,6569.0,0.0078
10-11-2018,t10,15.49612,83.48062,1020.84031,0.0,3020.8065,6569.0,0.0465
11-11-2018,t10,14.36585,83.86179,1021.830081,0.0,3020.8065,6569.0,0.0
12-11-2018,t10,16.03676,66.22794,1020.306618,0.0,3020.8065,6569.0,3.0147
13-11-2018,t10,13.28689,85.56557,1017.998361,0.0,3020.8065,6569.0,3.5984
17-11-2018,t10,14.20635,88.1746,1017.206349,0.0,1282.0667,4000.0,0.0476
18-11-2018,t10,15.1875,79.20139,1019.647917,0.0,3020.8065,6569.0,0.3403
19-11-2018,t10,16.27972,76.74126,1022.958741,0.0,3020.8065,6569.0,0.007
20-11-2018,t10,15.46479,80.73944,1023.152113,0.0,3020.8065,6569.0,0.2958
21-11-2018,t10,15.41791,80.20149,1022.414925,0.0,3020.8065,6569.0,0.3284
22-11-2018,t10,14.34752,86.14184,1023.095035,0.0,3020.8065,6569.0,0.1135
23-11-2018,t10,14.60839,82.06993,1024.956643,0.0,3020.8065,6569.0,0.014
24-11-2018,t10,15.74648,78.28873,1022.372535,0.0,3020.8065,6569.0,0.007
25-11-2018,t10,17.17647,69.68627,1022.417647,0.0,3020.8065,6569.0,0.0
05-07-2018,t11,22.05,83.65,1014.677832,0.0,0.0,4000.0,0.05
06-07-2018,t11,26.86029,64.97059,1014.677832,0.0,24.9873,4000.0,0.0882
07-07-2018,t11,29.31304,62.42609,1014.677832,0.0,31.5125,4000.0,0.8
08-07-2018,t11,23.53846,61.92308,1014.677832,3.0,1.0,4000.0,1.0
09-07-2018,t11,26.8494,61.10241,1014.677832,15.0,20.4167,4000.0,1.0
10-07-2018,t11,27.88806,75.07463,1014.677832,22.5,21.1111,4000.0,1.0
11-07-2018,t11,28.064185,73.30863500000001,1014.677832,22.5,2254.2024,54612.0,5.7746
12-07-2018,t11,28.24031,71.54264,1014.677832,0.0,1439.4375,12946.0,11.9147
13-07-2018,t11,25.5,78.40278,1014.677832,20.25,340.5581,4000.0,11.7569
14-07-2018,t11,28.3007,71.36364,1001.858811,0.0,1022.2414,4000.0,11.3147
15-07-2018,t11,29.09286,69.27143,1001.904714,13.5,785.2619,4000.0,9.0571
16-07-2018,t11,24.92308,85.0979,1002.972517,1260.0,2160.2771,12387.0,20.5664
17-07-2018,t11,26.52857,80.95714,1003.607429,324.0,6468.7558,28481.0,16.6
18-07-2018,t11,28.1223,76.023685,1003.946691,40.5,1623.4941,54612.0,12.518
19-07-2018,t11,29.08271,71.09023,1003.409624,360.0,9803.7342,54612.0,10.4211
20-07-2018,t11,28.32867,74.71329,1002.863497,679.5,8401.25,52476.0,13.965
21-07-2018,t11,27.32168,76.97902,1002.647552,13.5,4663.9472000000005,54585.0,11.7902
22-07-2018,t11,25.50649,84.90909,1003.382078,0.0,926.6444,4000.0,10.5714
27-07-2018,t11,25.00295,85.78909,1009.635339,9.0,154.2815,4000.0,25.3304
28-07-2018,t11,23.76852,88.08333,1009.52108,130.5,0.0,4000.0,23.4444
01-08-2018,t11,26.6,89.541665,1008.048667,24.75,1623.4941,4000.0,4.4667
05-08-2018,t11,24.0,91.0,1009.265,0.0,1623.4941,54612.0,0.0
11-08-2018,t11,27.11321,82.71698,1006.760189,2.25,24.08,4000.0,0.0
12-08-2018,t11,25.80645,85.29032,1005.37,22.5,29.0435,4000.0,0.0
13-08-2018,t11,24.59375,88.02083,1007.329896,159.75,26.3864,4000.0,0.0
14-08-2018,t11,27.45882,85.27849,1008.795412,0.0,38.18,4000.0,0.0
15-08-2018,t11,27.95699,82.53614999999999,1010.794086,0.0,33.3462,4000.0,0.0
16-08-2018,t11,27.61856,79.79381,1013.24,0.0,40.0612,4000.0,0.0
17-08-2018,t11,26.93333,82.15978999999999,1010.767444,9.0,40.7111,4000.0,0.0
18-08-2018,t11,27.319605000000003,84.52577,1010.006598,4.5,1066.8302,54612.0,0.0
19-08-2018,t11,27.70588,79.43697,1009.032185,0.0,47.0952,4000.0,0.0
20-08-2018,t11,27.48936,81.85106,1010.4011415,4.5,46.4306,4000.0,0.0
21-08-2018,t11,24.12745,90.60784,1011.770098,24.75,11.5294,4000.0,0.0
22-08-2018,t11,26.81061,83.68939,1010.30053,0.0,52.5574,4000.0,0.0
23-08-2018,t11,25.46479,90.16901,1009.857113,63.0,28.1644,4000.0,0.0
24-08-2018,t11,24.43836,90.41096,1009.350223,2.25,4.5,4000.0,0.0
25-08-2018,t11,23.08772,90.40351,1008.843333,58.5,5.25,4000.0,0.0
26-08-2018,t11,24.9863,84.78082,1008.98411,9.0,35.7667,4000.0,0.0
27-08-2018,t11,26.84211,80.60526,1011.033158,4.5,10.0,4000.0,0.0
28-08-2018,t11,27.66981,78.91509,1012.174906,0.0,38.475,4000.0,0.0
29-08-2018,,27.60563,80.99296,1012.834225,20.25,45.0,4000.0,0.0
30-08-2018,t11,27.37755,79.88776,1010.886429,0.0,54.4032,4000.0,0.0
31-08-2018,t11,27.01053,83.14737,1010.748947,47.25,41.5735,4000.0,0.0
01-09-2018,t11,27.51969,79.58268,1012.733858,45.0,54.2239,4000.0,2.0
02-09-2018,,25.26667,88.57143,1012.892095,9.0,22.6269,4000.0,0.7048
03-09-2018,t11,25.45455,87.03788,1012.725076,6.75,26.3151,4000.0,1.8864
04-09-2018,t11,24.79167,86.79167,1012.828333,0.0,16.125,4000.0,1.2917
05-09-2018,t11,26.63415,80.08537,1012.793171,2.25,33.7586,4000.0,2.4268
06-09-2018,t11,26.56693,74.88189,1012.595433,0.0,39.4265,4000.0,3.6299
07-09-2018,t11,26.50667,75.45333,1014.4444,0.0,36.5641,4000.0,3.4667
08-09-2018,t11,25.9084,76.63359,1015.343588,0.0,53.9296,4000.0,3.2519
09-09-2018,t11,26.21429,81.82857,1016.471571,13.5,37.5758,4000.0,2.9
10-09-2018,t11,25.70667,80.53333,1017.527067,0.0,45.5789,4000.0,2.5733
11-09-2018,t11,22.91667,90.95833,1016.447917,0.0,0.0,4000.0,1.0
12-09-2018,t11,20.05882,91.70588,1013.955882,0.0,0.0,4000.0,2.0
13-09-2018,t11,22.88095,90.11905,1011.939524,9.0,15.6875,4000.0,2.4048
14-09-2018,t11,19.04,90.76,1014.0484,0.0,0.0,4000.0,2.04
15-09-2018,t11,25.30534,74.15267,1017.689542,0.0,52.5,4000.0,3.8168
16-09-2018,t11,24.23077,70.65035,1017.3093608,0.0,52.5,4000.0,3.6713
17-09-2018,t11,23.28571,65.61039,1016.9291796,0.0,46.5227,4000.0,4.2078
18-09-2018,t11,24.729275,63.61386,1016.5489984,0.0,52.5,4000.0,4.3861
19-09-2018,t11,26.17284,58.2963,1016.1688172,0.0,63.1607,4000.0,5.0741
20-09-2018,t11,21.75,60.43182,1015.788636,0.0,23.0,4000.0,3.5227
21-09-2018,t11,26.11957,66.26087,1018.865435,0.0,71.5,4000.0,4.8043
05-07-2018,t12,21.0,93.5,1014.677832,0.0,302.0,4000.0,2.0
09-07-2018,t12,25.55238,91.38095,1000.0,1.0,1.0,4000.0,1.0
13-07-2018,t12,25.55238,91.38095,1005.78,0.0,447.6,4000.0,27.0
16-07-2018,t12,25.55238,86.9619,1005.498095,47.25,8768.8228,54612.0,74.8762
17-07-2018,t12,25.76456,92.56391,1008.306015,1710.0,8233.8337375,54612.0,90.0526
18-07-2018,t12,25.97674,88.37209,1008.658915,22.5,7698.844674999999,54612.0,11.9225
19-07-2018,t12,27.4,84.14815,1008.095556,22.5,7163.8556125,54612.0,10.6
20-07-2018,t12,26.42958,90.66197,1007.472535,22.5,6628.86655,54612.0,17.4507
21-07-2018,t12,25.27536,94.18116,1007.282609,1183.5,6093.8774875,54612.0,15.1159
22-07-2018,t12,24.73611,96.68056,1007.775694,1962.0,5558.888425,54612.0,12.2431
23-07-2018,t12,24.39024,94.4065,1007.852846,1071.0,5023.8993625,54612.0,11.2683
24-07-2018,t12,24.16197,97.66901,1008.639437,438.75,4488.9103,54612.0,11.7394
25-07-2018,t12,25.29323,94.84211,1006.52406,22.5,4488.9103,54612.0,10.6391
26-07-2018,t12,22.19718,99.0,1007.227465,864.0,4488.9103,54612.0,10.3803
27-07-2018,t12,21.73239,98.95775,1007.227465,816.75,4488.9103,54612.0,9.0986
28-07-2018,t12,21.48571,99.0,1007.24,796.5,4488.9103,54612.0,8.6643
29-07-2018,t12,25.5,92.52817,1007.312676,2.25,4488.9103,54612.0,8.2606
30-07-2018,t12,25.83206,88.25954,1006.621374,0.0,4488.9103,54612.0,8.0
31-07-2018,t12,25.77465,91.26056,1005.949296,81.0,4488.9103,54612.0,7.6901
01-08-2018,t12,25.36691,91.17986,1006.671942,191.25,4488.9103,54612.0,7.0935
02-08-2018,t12,25.68148,91.37778,1007.995556,76.5,4488.9103,54612.0,7.7778
03-08-2018,,26.77305,90.69504,1008.012766,6.75,4488.9103,54612.0,7.0426
04-08-2018,t12,22.89286,99.0,1007.278571,4.5,0.0,4000.0,7.0
11-08-2018,t12,24.70769,98.70769,1005.376923,0.0,4510.7541,54612.0,5.0
12-08-2018,t12,23.90278,98.23611,1003.989583,202.5,4488.9103,54612.0,5.1319
13-08-2018,t12,22.09929,99.0,1014.677832,1611.0,4488.9103,54612.0,7.9362
14-08-2018,t12,24.96479,93.75352,1000.405634,0.0,4488.9103,54612.0,12.8732
15-08-2018,t12,25.11268,93.42958,1000.772535,0.0,4488.9103,54612.0,13.8944
16-08-2018,t12,25.024489000000003,95.47183,1004.730282,56.25,4488.9103,54612.0,14.0
17-08-2018,t12,24.936298,95.50355,1009.456738,38.25,4488.9103,54612.0,13.4255
18-08-2018,t12,24.848107,98.95745,1008.566667,24.75,4488.9103,54612.0,13.0
19-08-2018,t12,24.759916,93.41667,1007.742361,0.0,4488.9103,54612.0,12.4167
20-08-2018,t12,24.671725,95.84615,1009.511888,92.25,4488.9103,54612.0,12.007
21-08-2018,t12,24.583534,98.89286,1010.251429,353.25,4488.9103,54612.0,10.7429
22-08-2018,t12,24.495343,96.91489,1008.799291,4.5,4488.9103,54612.0,9.0
23-08-2018,t12,24.407152,99.0,1008.459859,533.25,4488.9103,54612.0,9.2887
24-08-2018,t12,24.318961,98.41844,1008.144681,213.75,4488.9103,54612.0,9.1135
25-08-2018,t12,24.23077,95.67133,1014.677832,434.25,4488.9103,54612.0,8.8042
26-08-2018,t12,24.35211,96.46479,1007.517606,191.25,4488.9103,54612.0,8.6761
27-08-2018,t12,26.17857,93.72857,1009.550714,0.0,4488.9103,54612.0,8.0
28-08-2018,t12,26.40559,94.02797,1010.669231,0.0,4488.9103,54612.0,8.0
29-08-2018,t12,25.48592,96.12676,1014.677832,202.5,4488.9103,54612.0,8.007
30-08-2018,t12,24.41667,98.0,1009.079167,67.5,4488.9103,54612.0,6.8264
31-08-2018,t12,23.72727,98.6993,1009.779021,594.0,4488.9103,54612.0,7.3497
01-09-2018,t12,24.93056,96.49306,1011.370139,409.5,4488.9103,54612.0,6.8333
02-09-2018,t12,24.038705,99.0,1011.393461,139.5,4488.9103,54612.0,7.1056
03-09-2018,t12,23.14685,99.0,1011.416783,13.5,4488.9103,54612.0,6.9091
04-09-2018,t12,22.74265,98.26471,1019.489706,99.0,4488.9103,54612.0,6.9926
05-09-2018,t12,22.85211,98.97183,1011.276056,13.5,4488.9103,54612.0,6.3028
06-09-2018,t12,23.97203,97.67832,1011.201399,2.25,4488.9103,54612.0,6.0
07-09-2018,t12,23.60221,97.004655,1012.612319,1.125,4488.9103,54612.0,6.1643
08-09-2018,t12,23.23239,96.33099,1014.023239,0.0,4488.9103,54612.0,6.0
09-09-2018,t12,23.87324,97.01408,1015.140845,333.0,4488.9103,54612.0,6.4577
10-09-2018,t12,24.34965,96.6993,1015.759441,33.75,4488.9103,54612.0,6.2587
11-09-2018,t12,23.9157,97.69231,1007.80979,468.0,4488.9103,54612.0,6.8811
12-09-2018,t12,23.48175,93.68613,1014.677832,0.0,4488.9103,54612.0,6.0657
13-09-2018,t12,22.79861,97.5,1011.515972,222.75,4488.9103,54612.0,6.04035
14-09-2018,t12,21.51128,94.36842,1014.421053,6.75,4488.9103,54612.0,6.015
15-09-2018,t12,22.27465,95.66197,1016.266901,0.0,4488.9103,54612.0,6.0
16-09-2018,t12,22.147815,91.16665,1013.5804435,0.0,4488.9103,54612.0,5.6127
17-09-2018,t12,22.02098,86.67133,1010.893986,0.0,4488.9103,54612.0,5.007
18-09-2018,t12,22.1958,86.65035,1014.083217,0.0,4488.9103,54612.0,5.0
19-09-2018,t12,23.6383,82.44681,1013.967376,0.0,4488.9103,54612.0,5.0
20-09-2018,t12,24.30986,78.67606,1014.890845,0.0,4488.9103,54612.0,5.0
21-09-2018,t12,24.57343,85.91608,1017.458182,11.25,4488.9103,54612.0,5.0
22-09-2018,,17.58571,99.0,1018.952143,162.0,4488.9103,54612.0,5.6286
23-09-2018,t12,17.44681,99.0,999.7637589,15.75,4488.9103,54612.0,6.0
24-09-2018,t12,15.93007,99.0,1015.988811,9.0,4488.9103,54612.0,6.0629
25-09-2018,t12,20.71831,88.71127,999.0835211,4.5,4488.9103,54612.0,5.8028
26-09-2018,t12,22.65957,85.90071,1014.980851,2.25,4488.9103,54612.0,5.0567
27-09-2018,t12,22.1338,85.6338,1016.287324,4.5,4488.9103,54612.0,5.0
28-09-2018,t12,20.40972,91.5625,1017.750694,263.25,4488.9103,54612.0,5.6389
29-09-2018,,21.8169,86.06338,1018.630986,0.0,4488.9103,54612.0,5.8944
30-09-2018,t12,21.44444,86.74306,1017.300694,0.0,4488.9103,54612.0,5.0
01-10-2018,t12,21.67133,84.0,1010.272727,0.0,4488.9103,54612.0,5.0
02-10-2018,t12,21.08451,74.44366,1018.533099,0.0,4488.9103,54612.0,5.0
03-10-2018,t12,21.33566,72.51748,1010.717483,0.0,4488.9103,54612.0,5.0
04-10-2018,t12,21.16429,64.17857,1012.476429,0.0,4488.9103,54612.0,5.0
05-10-2018,t12,20.34722,67.93056,1012.602569,0.0,4488.9103,54612.0,5.0
06-10-2018,t12,19.65734,64.42657,1012.529371,0.0,4488.9103,54612.0,5.0
07-10-2018,t12,20.32867,68.13287,1018.983217,0.0,4488.9103,54612.0,4.2028
08-10-2018,t12,20.02113,74.8662,1017.524648,0.0,4488.9103,54612.0,4.0
09-10-2018,t12,20.69444,55.63889,1017.774306,0.0,4488.9103,54612.0,4.0
10-10-2018,t12,20.03521,50.77465,1014.677832,6.75,4488.9103,54612.0,4.0
11-10-2018,t12,15.47887,83.57746,1014.677832,0.0,4488.9103,54612.0,4.0
12-10-2018,t12,18.31469,81.73427,1020.41958,0.0,4488.9103,54612.0,4.0
13-10-2018,t12,18.125,81.32639,1013.993264,0.0,4488.9103,54612.0,4.0
14-10-2018,t12,18.04895,80.82517,1025.609091,0.0,4488.9103,54612.0,4.0
15-10-2018,t12,18.22378,74.1958,1005.032308,0.0,4488.9103,54612.0,4.0
16-10-2018,,18.56028,63.29787,1020.489362,0.0,4488.9103,54612.0,4.0
17-10-2018,t12,17.97222,58.71528,1019.160417,0.0,4488.9103,54612.0,4.0
18-10-2018,t12,19.30556,57.45139,1011.806944,0.0,4488.9103,54612.0,4.0
19-10-2018,t12,20.0,49.40972,1013.020833,0.0,4488.9103,54612.0,4.0
20-10-2018,t12,18.9375,53.94444,1014.925,0.0,4488.9103,54612.0,4.0
21-10-2018,t12,18.97887,52.02113,1021.641197,0.0,4488.9103,54612.0,3.5915
22-10-2018,t12,18.00699,53.74126,1020.688112,0.0,4488.9103,54612.0,3.0
23-10-2018,t12,17.38889,49.10417,1020.666667,0.0,4488.9103,54612.0,3.0
24-10-2018,t12,17.83036,53.67857,1020.142118,0.0,4488.9103,54612.0,3.0
25-10-2018,t12,17.35417,52.27083,1019.617569,0.0,4488.9103,54612.0,3.0
26-10-2018,t12,17.35915,55.43662,1024.034507,0.0,4488.9103,54612.0,3.0
27-10-2018,t12,12.57143,61.57143,1023.9,0.0,0.0,4000.0,3.0
31-10-2018,t12,16.02326,84.37209,1014.677832,0.0,771.0,4000.0,3.8372
01-11-2018,t12,16.26866,83.995745,1014.677832,0.0,4488.9103,54612.0,2.6269
02-11-2018,t12,13.21642,83.6194,1014.677832,0.0,4488.9103,54612.0,0.7015
03-11-2018,t12,11.27778,97.44444,1014.677832,0.0,4488.9103,54612.0,0.0
04-11-2018,t12,14.16296,82.41481,1014.677832,0.0,4488.9103,54612.0,0.9926
05-11-2018,t12,15.00746,76.79851,1014.677832,0.0,4488.9103,54612.0,2.5373
06-11-2018,t12,14.85714,73.8797,1014.677832,0.0,4488.9103,54612.0,4.0526
07-11-2018,t12,14.6,69.61538,1014.677832,0.0,4488.9103,54612.0,5.1923
08-11-2018,t12,14.10526,77.25564,1014.677832,0.0,4488.9103,54612.0,5.3233
09-11-2018,t12,15.47727,70.69697,1014.677832,0.0,4488.9103,54612.0,5.6894
10-11-2018,t12,15.63359,71.32061,1014.677832,0.0,4488.9103,54612.0,5.8015
11-11-2018,t12,13.95522,64.8806,1014.677832,0.0,4488.9103,54612.0,5.291
12-11-2018,t12,17.06716,50.52985,1014.677832,0.0,4488.9103,54612.0,8.3134
13-11-2018,t12,14.44444,60.78519,1014.677832,0.0,4488.9103,54612.0,5.1407
14-11-2018,t12,14.08209,76.37313,1014.677832,0.0,4488.9103,54612.0,2.5672
15-11-2018,t12,12.02239,82.50746,1014.677832,0.0,4488.9103,54612.0,1.3881
16-11-2018,t12,13.43284,75.74627,1014.677832,0.0,4488.9103,54612.0,2.9851
17-11-2018,t12,13.05263,73.4812,1014.677832,0.0,4488.9103,54612.0,3.9323
18-11-2018,t12,14.18045,66.03759,1014.677832,0.0,4488.9103,54612.0,5.2932
19-11-2018,t12,15.30597,64.90299,1014.677832,0.0,4488.9103,54612.0,5.9851
20-11-2018,t12,15.15909,66.25,1014.677832,0.0,4488.9103,54612.0,5.6591
21-11-2018,t12,14.63492,59.45238,1014.677832,0.0,4488.9103,54612.0,7.0159
22-11-2018,t12,13.14286,68.75188,1014.677832,0.0,4488.9103,54612.0,6.3835
23-11-2018,t12,13.54478,62.60448,1014.677832,0.0,4488.9103,54612.0,6.9925
24-11-2018,t12,14.58015,54.17557,1014.677832,0.0,4488.9103,54612.0,9.3359
25-11-2018,t12,16.18557,51.61856,1014.677832,0.0,5282.8254,54612.0,9.701
09-07-2018,t13,31.375,56.41667,1010.450625,459.0,1154.4667,4089.0,0.0208
10-07-2018,t13,29.225,69.15,1008.474667,22.5,11.3091,4000.0,0.0
11-07-2018,t13,29.00709,66.64539,1007.40617,22.5,12.1923,4000.0,0.0
12-07-2018,t13,29.16541,66.48872,1006.605113,22.5,10.3143,4000.0,0.0
13-07-2018,t13,23.152,66.96,1014.677832,158.0,235.1452,4000.0,7.304
14-07-2018,t13,26.75,64.76316,1008.399474,0.0,2.4103,4000.0,16.8158
19-07-2018,t13,27.92857,65.76316,1001.634107,126.0,629.7826,4000.0,31.2857
20-07-2018,t13,31.0438,66.76316,1002.401533,272.25,235.1452,4000.0,39.146
28-09-2018,t13,22.86957,62.0,1011.727826,0.0,69.9167,4000.0,73.3913
29-09-2018,t13,22.27551,60.83673,1012.661327,0.0,42.4,4000.0,75.9388
30-09-2018,t13,22.60833,59.425,1011.227833,0.0,42.64,4000.0,70.1333
01-10-2018,t13,21.61029,58.71324,1011.385662,0.0,35.2712,4000.0,65.7868
02-10-2018,t13,21.38983,57.67797,1012.635339,0.0,47.1,4000.0,69.6864
18-10-2018,t13,20.38865,53.75546,1014.677832,0.0,0.0,4000.0,0.0
19-10-2018,t13,17.14286,59.66667,1014.677832,0.0,0.0,4000.0,0.0
20-10-2018,t13,16.56303,59.66387,1014.677832,0.0,0.0,4000.0,0.0
21-10-2018,t13,16.53383,57.93233,1014.677832,0.0,0.0,4000.0,0.0
22-10-2018,,13.0,61.03704,1014.677832,0.0,0.0,4000.0,0.0
29-10-2018,t13,26.7619,91.38095,1014.677832,6.75,49.6905,4000.0,3.8095
31-10-2018,t13,19.55319,51.12766,1014.677832,0.0,19.7273,4000.0,5.7872
01-11-2018,t13,16.73881,54.74627,1014.677832,0.0,75.4426,4000.0,6.1418
02-11-2018,t13,12.72727,66.02273,1014.677832,0.0,50.8571,4000.0,7.697
03-11-2018,t13,12.72727,91.38095,1014.677832,0.0,28.8333,4000.0,4.5154
04-11-2018,t13,12.72727,91.38095,1014.677832,0.0,111.8361,4000.0,5.6917
05-11-2018,t13,12.72727,91.38095,1014.677832,0.0,115.3167,4000.0,5.0448
06-11-2018,t13,12.72727,91.38095,1014.677832,0.0,66.0333,4000.0,5.0299
07-11-2018,t13,12.72727,91.38095,1014.677832,0.0,50.5082,4000.0,5.0299
08-11-2018,t13,12.72727,91.38095,1014.677832,0.0,70.6885,4000.0,5.2164
09-11-2018,t13,12.72727,91.38095,1014.677832,0.0,85.7833,4000.0,5.0758
10-11-2018,t13,12.72727,91.38095,1014.677832,0.0,79.9167,4000.0,5.1128
11-11-2018,t13,12.72727,91.38095,1014.677832,0.0,93.1695,4000.0,6.0522
12-11-2018,t13,12.72727,91.38095,1014.677832,0.0,123.3729,4000.0,5.7164
13-11-2018,t13,12.72727,91.38095,1014.677832,0.0,83.7797,4000.0,6.2388
14-11-2018,t13,12.72727,91.38095,1014.677832,0.0,111.4107,4000.0,5.9695
15-11-2018,t13,12.72727,91.38095,1014.677832,0.0,0.0,4000.0,6.1304
16-11-2018,t13,12.72727,91.38095,1014.677832,0.0,81.9643,4000.0,6.0315
17-11-2018,t13,12.72727,91.38095,1014.677832,0.0,219.3966,7927.0,6.1818
18-11-2018,t13,12.72727,91.38095,1014.677832,0.0,537.7586,27883.0,5.4887
19-11-2018,t13,12.72727,91.38095,1014.677832,0.0,662.431,33578.0,5.209
20-11-2018,t13,12.72727,91.38095,1014.677832,0.0,29.0714,4000.0,6.2273
21-11-2018,t13,12.72727,91.38095,1014.677832,0.0,1166.9492,35534.0,5.2358
22-11-2018,t13,12.72727,91.38095,1014.677832,0.0,1125.7119,31082.0,5.3383
23-11-2018,t13,12.72727,91.38095,1014.677832,0.0,1219.1034,35411.0,5.4328
24-11-2018,t13,12.72727,91.38095,1014.677832,0.0,1164.7241,35663.0,5.5746
25-11-2018,t13,12.72727,91.38095,1014.677832,0.0,993.0,32785.0,5.2887
05-07-2018,t14,23.90566,85.83019,1014.677832,114.75,1458.9231,10031.0,17.5472
06-07-2018,t14,24.27846625,67.31646,1014.677832,22.5,1099.402325,8523.25,16.744425
07-07-2018,t14,24.6512725,69.256575,1014.677832,22.5,739.8815500000001,7015.5,15.94165
08-07-2018,t14,25.02407875,71.19669,1014.677832,22.5,380.3607750000001,5507.75,15.138875
09-07-2018,t14,25.396885,73.13680500000001,1014.677832,22.5,20.84,4000.0,14.3361
11-07-2018,t14,25.76969125,75.07692,1004.995769,38.25,1623.4941,54612.0,13.3077
12-07-2018,t14,26.1424975,93.33898,1005.662373,2.25,7883.4483,54612.0,17.6949
13-07-2018,t14,26.51530375,90.06452,1006.200968,0.0,1898.7297,4782.0,100.0
14-07-2018,t14,26.88811,83.0979,1005.989371,0.0,10565.3523,54612.0,100.0
15-07-2018,t14,24.12903,93.87097,1007.160484,0.0,4853.2581,22614.0,100.0
19-07-2018,t14,28.40323,85.33871,1006.333226,6.75,3109.1471,8377.0,52.5161
20-07-2018,t14,25.53333,93.85926,1007.132,621.0,10.575,4000.0,67.0296
21-07-2018,t14,25.33571,95.82143,1006.939571,4.5,10.575,4000.0,68.3786
22-07-2018,t14,24.52143,97.67857,1007.439357,63.0,10.575,4000.0,66.8071
23-07-2018,t14,25.18182,95.22727,1007.411364,2.25,10.575,4000.0,66.0
24-07-2018,t14,24.28148,97.85185,1008.366741,587.25,10.575,4000.0,67.7185
25-07-2018,t14,25.32353,95.41176,1006.236985,468.0,10.575,4000.0,67.3456
26-07-2018,,22.95556,99.0,1007.257185,1111.5,10.575,4000.0,68.6074
27-07-2018,t14,22.57798,98.79817,1007.357431,778.5,12.6769,4000.0,68.3394
28-07-2018,t14,22.29661,99.0,1007.492627,987.75,12.6769,4000.0,68.322
29-07-2018,t14,25.82857,91.12143,1007.122143,6.75,10.575,4000.0,66.9643
30-07-2018,t14,25.87786,87.73282,1006.394504,0.0,10.575,4000.0,65.374
31-07-2018,t14,25.20863,91.51079,1005.820072,623.25,10.575,4000.0,65.7554
01-08-2018,t14,24.58993,94.13669,1006.478129,330.75,10.575,4000.0,67.2446
02-08-2018,t14,24.89362,93.97163,1007.696809,18.0,1886.241,8210.0,67.078
03-08-2018,t14,25.51748,95.86713,1007.644336,2.25,1633.5476,6844.0,66.0699
04-08-2018,t14,24.30882,99.0,1007.559779,119.25,839.9146,5866.0,65.0956
05-08-2018,t14,21.85185,99.0,1007.756667,1075.5,459.5625,4000.0,67.8444
06-08-2018,t14,21.62411,99.0,1007.505957,308.25,349.4691,4000.0,67.4255
07-08-2018,t14,21.08088,99.0,1009.186397,337.5,312.4474,4000.0,67.7353
08-08-2018,t14,23.79433,98.91489,1010.282199,2.25,951.1235,4000.0,66.539
09-08-2018,t14,24.8209,97.78358,1012.72709,1617.75,1155.72,7439.0,66.6493
10-08-2018,t14,24.26056,98.8662,1010.708592,0.0,1086.122,7382.0,65.662
11-08-2018,t14,23.8169,99.0,1006.567535,144.0,650.0122,2259.0,66.0704
12-08-2018,t14,23.49645,99.0,1003.902908,402.75,923.9744,6580.0,66.305
13-08-2018,t14,22.26241,99.0,1006.058298,2414.25,550.2453,4000.0,67.1986
14-08-2018,t14,24.87234,96.03546,1007.350922,11.25,1128.8354,4659.0,65.6312
15-08-2018,t14,24.48571,95.95,1009.247571,0.0,1160.2436,4723.0,65.0
16-08-2018,t14,25.6338,96.53521,1011.641479,67.5,4772.6625,54612.0,65.0423
17-08-2018,t14,24.82394,97.64789,1009.275282,0.0,1057.557,4000.0,64.4437
18-08-2018,t14,23.79286,99.0,1008.453571,92.25,1057.557,4000.0,64.5357
19-08-2018,t14,25.68345,95.53237,1007.470719,0.0,1057.557,4000.0,64.4604
20-08-2018,,25.06475,98.25899,1009.263885,220.5,1057.557,4000.0,64.5108
21-08-2018,t14,12.14815,52.06667,1010.168963,1044.0,1057.557,4000.0,67.5185
22-08-2018,t14,15.0,91.38095,1000.119333,0.0,1057.557,4000.0,65.55
23-08-2018,t14,18.52,79.2,1014.677832,211.5,143.3125,4000.0,66.16
24-08-2018,t14,18.0,91.38095,1014.677832,285.75,1979.0571,4000.0,67.7368
25-08-2018,t14,18.47619,91.35714,1014.677832,400.5,35.1429,4000.0,66.8333
26-08-2018,,20.0696425,93.267855,1014.677832,300.375,142.6264,4000.0,67.7143
27-08-2018,,21.663095,95.17857,1014.677832,200.25,250.1099,4000.0,65.2432
28-08-2018,,23.256547500000003,97.089285,1014.677832,100.125,357.5934,4000.0,64.7368
29-08-2018,t14,24.85,99.0,1010.227,0.0,465.0769,4000.0,64.0
30-08-2018,t14,26.95522,98.14925,1007.764776,18.0,589.2414,4000.0,64.0149
31-08-2018,t14,21.89189,99.0,1014.677832,1426.5,1307.7174,4000.0,67.4324
01-09-2018,t14,25.51376,95.46789,1014.677832,15.75,1057.557,4000.0,66.2752
02-09-2018,t14,23.5,99.0,1011.309412,87.75,589.2414,4000.0,67.8529
03-09-2018,t14,22.13158,99.0,1011.404211,2.25,0.0,4000.0,66.0
04-09-2018,t14,23.4,99.0,1010.942857,11.25,4.0,4000.0,66.0
05-09-2018,t14,22.61538,99.0,1011.18641,0.0,415.52,4000.0,65.0
06-09-2018,t14,22.48624,98.97248,1014.677832,18.0,1221.5882,4000.0,65.0
07-09-2018,t14,21.03529,99.0,1014.677832,209.25,1191.5714,4000.0,65.7294
08-09-2018,t14,21.96226,98.95283,1014.677832,0.0,1357.3898,4000.0,65.717
09-09-2018,t14,20.88889,97.16667,1014.677832,551.25,93.6667,4000.0,66.9074
10-09-2018,t14,22.65385,99.0,1014.677832,13.5,0.0,4000.0,66.4615
11-09-2018,t14,20.94737,99.0,1014.677832,0.0,0.0,4000.0,66.2105
12-09-2018,t14,20.59494,98.75949,1014.677832,0.0,1400.28,4000.0,65.3038
13-09-2018,t14,20.13889,99.0,1014.677832,344.25,35.1429,4000.0,66.8333
14-09-2018,t14,22.50485,94.62136,1014.677832,2.25,1205.1739,4000.0,65.932
15-09-2018,t14,22.41176,99.0,1014.677832,0.0,39.0,4000.0,65.0
16-09-2018,t14,25.85542,82.31325,1014.677832,0.0,454.2593,4000.0,64.0
17-09-2018,t14,23.83333,99.0,1014.677832,0.0,2619.8333,4000.0,64.0
05-07-2018,t15,24.92929,76.74545,1014.677832,13.51,1207.8913,4000.0,0.1
06-07-2018,t15,25.78667,71.51333,1014.677832,0.0,6.1515,4000.0,2.0
07-07-2018,t15,27.61111,71.68056,1014.677832,0.0,6.1714,4000.0,2.0
08-07-2018,t15,25.5,71.0,1014.677832,26.0,1.0,4000.0,1.0
09-07-2018,t15,24.59091,71.0,1014.677832,42.0,1500.5,4000.0,7.4091
10-07-2018,t15,25.37736,96.0566,1008.378585,1140.75,11.561,4000.0,50.8302
11-07-2018,t15,25.85612,95.7554,1007.238489,0.0,13.1918,4000.0,43.0791
12-07-2018,t15,26.08333,95.40152,1006.499242,0.0,10.4848,4000.0,33.7197
13-07-2018,t15,24.54545,97.93388,1008.130496,0.0,531.8364,4000.0,55.562
14-07-2018,t15,25.93684,92.50526,1007.964947,0.0,561.6731,4000.0,100.0
19-07-2018,t15,28.53333,96.21667,1009.084167,0.0,1024.6,4000.0,8.1
20-07-2018,t15,25.94074,98.03704,1009.739037,357.75,531.8364,4000.0,8.1704
21-07-2018,t15,25.5,98.87143,1009.62,0.0,531.8364,4000.0,10.5929
22-07-2018,t15,24.59854,99.0,1010.056204,31.5,531.8364,4000.0,10.8978
23-07-2018,t15,25.38806,98.76866,1010.090299,0.0,531.8364,4000.0,9.791
24-07-2018,t15,24.69767,99.0,1011.053566,308.25,531.8364,4000.0,27.8527
25-07-2018,t15,25.91262,98.78641,1008.97699,4.5,531.8364,4000.0,33.8447
27-07-2018,t15,22.21429,99.0,1009.98,18.0,0.0,4000.0,24.0238
28-07-2018,t15,21.72535,99.0,1010.195915,774.0,531.8364,4000.0,20.4577
29-07-2018,t15,21.74413,99.0,1010.187527,711.0,594.2510111111111,4000.0,20.42093333333333
30-07-2018,t15,21.76291,99.0,1010.179139,648.0,656.6656222222222,4000.0,20.384166666666665
31-07-2018,t15,21.78169,99.0,1010.170751,585.0,719.0802333333332,4000.0,20.3474
01-08-2018,t15,21.80047,99.0,1010.162363,522.0,781.4948444444444,4000.0,20.31063333333333
02-08-2018,t15,21.81925,99.0,1010.153975,459.0,843.9094555555555,4000.0,20.273866666666667
03-08-2018,t15,21.83803,99.0,1010.145587,396.0,906.3240666666666,4000.0,20.2371
04-08-2018,,21.85681,99.0,1010.137199,333.0,968.7386777777778,4000.0,20.200333333333333
05-08-2018,t15,21.875589999999995,99.0,1010.128811,270.0,1031.153288888889,4000.0,20.163566666666668
06-08-2018,t15,21.89437,99.0,1010.120423,207.0,1093.5679,4000.0,20.1268
07-08-2018,t15,21.35,99.0,1011.624613,104.625,1413.9669,5188.0,19.6268
08-08-2018,t15,23.98592,99.0,1013.128803,2.25,1734.3659,6376.0,19.1268
09-08-2018,t15,24.66187,98.82014,1015.51777,1172.25,2337.925,18101.0,22.4748
10-08-2018,t15,24.30714,99.0,1013.501214,0.0,1536.225,4000.0,19.9357
11-08-2018,t15,23.94326,99.0,1009.377376,123.75,1189.5802,4000.0,18.8298
12-08-2018,t15,23.58741,99.0,1006.722797,427.5,1402.15,4000.0,18.2448
13-08-2018,t15,23.99089,98.605635,1008.4613985,213.75,1648.8555,15967.0,19.71045
14-08-2018,t15,24.39437,98.21127,1010.2,0.0,1895.561,27934.0,21.1761
15-08-2018,t15,24.37589,97.55319,1012.142199,0.0,7508.5909,54612.0,19.8936
16-08-2018,t15,25.29496,98.35971,1014.482302,20.25,1412.0494,13037.0,19.2302
17-08-2018,t15,24.60993,98.74468,1012.07078,0.0,1665.0127,16673.0,18.2766
18-08-2018,t15,24.15493,99.0,1011.319859,22.5,1382.5432,11035.0,17.993
19-08-2018,t15,25.11972,98.01408,1010.360704,0.0,1796.35,26072.0,17.0845
20-08-2018,t15,25.0365,98.9708,1012.140073,15.75,1709.5455,9146.0,16.3066
21-08-2018,t15,24.95321,98.758755,1011.8570216666668,101.625,3949.0696,16723.666666666664,17.32535
22-08-2018,t15,24.86992,98.54671,1011.5739703333334,187.5,6188.593699999999,24301.33333333333,18.3441
23-08-2018,t15,24.78663,98.334665,1011.290919,273.375,8428.1178,31879.0,19.36285
24-08-2018,t15,24.70334,98.12262,1011.0078676666668,359.25,1623.4941,39456.66666666666,20.3816
25-08-2018,t15,24.62005,97.910575,1010.7248163333334,445.125,1623.4941,47034.33333333333,21.400350000000003
26-08-2018,t15,24.53676,97.69853,1010.441765,531.0,1623.4941,54612.0,22.4191
27-08-2018,t15,25.64789,96.69014,1012.264577,0.0,2482.5968,54612.0,21.3239
28-08-2018,t15,25.98582,96.8156,1013.315957,0.0,2482.5968,54612.0,19.773
29-08-2018,t15,25.73759,96.63121,1014.091064,49.5,2482.5968,54612.0,18.8156
30-08-2018,t15,24.38298,98.79433,1011.78305,0.0,2482.5968,54612.0,17.7234
31-08-2018,t15,22.61644,98.9726,1012.361644,1311.75,1361.8684,4000.0,19.5479
16-09-2018,t15,26.83051,84.05085,1016.637288,0.0,1120.8387,4000.0,14.1695
29-10-2018,t15,15.9375,93.21875,1025.028438,0.0,96.6667,4000.0,3.8438
30-10-2018,t15,17.8866,86.65979,1025.730206,0.0,609.76,4000.0,4.0
31-10-2018,t15,17.29915,91.34188,1026.844701,0.0,624.25,4000.0,4.0
01-11-2018,t15,16.375,96.81944,1025.177917,0.0,582.9565,4000.0,4.0
02-11-2018,t15,13.36885,98.18852,1026.812541,119.25,417.0392,4000.0,4.0
03-11-2018,t15,11.475,99.0,1025.899,247.5,417.0392,4000.0,7.75
04-11-2018,t15,13.61739,97.83478,1024.744261,0.0,417.0392,4000.0,9.713
05-11-2018,t15,13.3913,97.40217,1023.579891,0.0,417.0392,4000.0,9.0
06-11-2018,t15,13.13953,94.69767,1023.488256,0.0,417.0392,4000.0,8.3372
07-11-2018,t15,12.83486,92.15596,1023.947064,0.0,417.0392,4000.0,8.0
08-11-2018,t15,12.83168,92.0099,1024.789208,0.0,417.0392,4000.0,7.7525
09-11-2018,t15,12.81967,94.18033,1023.250574,0.0,417.0392,4000.0,7.0
10-11-2018,t15,12.96183,95.32824,1024.020534,0.0,417.0392,4000.0,6.9466
11-11-2018,t15,13.18627,94.64706,1025.47402,0.0,417.0392,4000.0,7.0
12-11-2018,t15,14.54955,91.81081,1024.08955,0.0,417.0392,4000.0,6.009
13-11-2018,t15,13.37097,93.01613,1022.476048,0.0,417.0392,4000.0,5.9919
14-11-2018,t15,12.58268,96.80315,1023.131417,454.5,417.0392,4000.0,6.0709
15-11-2018,t15,10.08511,98.78723,1026.177872,101.25,417.0392,4000.0,8.9574
16-11-2018,t15,22.16921,67.8972,1022.555421,0.0,417.0392,4000.0,8.1028
17-11-2018,t15,22.16921,67.8972,1020.869643,0.0,417.0392,4000.0,7.9286
18-11-2018,t15,22.16921,67.8972,1022.956262,0.0,417.0392,4000.0,7.9159
19-11-2018,t15,22.16921,67.8972,1026.06968,0.0,417.0392,4000.0,7.056
20-11-2018,t15,22.16921,67.8972,1026.240417,0.0,417.0392,4000.0,7.0
21-11-2018,t15,22.16921,67.8972,1025.56729,0.0,417.0392,4000.0,7.0
22-11-2018,t15,22.16921,67.8972,1026.253462,0.0,417.0392,4000.0,6.9327
23-11-2018,t15,22.16921,67.8972,1028.31614,0.0,417.0392,4000.0,7.0
24-11-2018,t15,22.16921,67.8972,1025.770238,0.0,417.0392,4000.0,6.2143
25-11-2018,t15,22.16921,67.8972,1029.755156125,0.0,417.0392,4000.0,6.0
21-06-2018,t6,27.44737,82.0,1033.74007425,4.0,0.0,4000.0,1.0
08-07-2018,t6,27.44737,82.55263,1014.677832,0.0,1052.3333,4000.0,27.7895
09-07-2018,t6,27.16429,90.05,1014.677832,119.25,1623.4941,54612.0,80.3571
10-07-2018,t6,26.17742,93.20968,1014.677832,283.5,23.25,4000.0,76.6371
11-07-2018,t6,25.22917,94.20139,1014.677832,1062.0,26.2683,4000.0,70.1111
12-07-2018,t6,25.81022,93.24088,1014.677832,11.25,23.9054,4000.0,78.0949
13-07-2018,t6,23.92361,97.74306,1014.677832,1554.75,13.6988,4000.0,63.3542
14-07-2018,t6,25.52778,93.59722,1014.677832,569.25,23.1013,4000.0,64.2847
15-07-2018,t6,26.25899,91.89209,1014.677832,357.75,25.4167,4000.0,77.3669
16-07-2018,t6,24.50365,97.05109,1014.677832,1795.5,24.9565,4000.0,79.2263
17-07-2018,t6,24.65248,97.39716,1014.677832,382.5,15.3158,4000.0,71.1135
18-07-2018,t6,25.35915,95.17606,1014.677832,63.0,19.1795,4000.0,64.2324
19-07-2018,t6,26.60993,90.1773,1014.677832,0.0,30.6795,4000.0,67.7092
20-07-2018,t6,24.16667,99.0,1014.677832,11.25,0.0,4000.0,66.8333
25-07-2018,t6,26.39286,93.33929,994.4021429,353.25,1623.4941,54612.0,46.8214
26-07-2018,t6,23.29927,99.0,995.5438686,918.0,2033.0714,38409.0,45.6277
27-07-2018,t6,23.12143,98.90714,995.4987143,677.25,2077.4405,7754.0,46.6143
28-07-2018,t6,22.68571,99.0,995.4635,1689.75,2031.9294,6921.0,48.5929
29-07-2018,t6,21.97059,99.0,995.7388235,0.0,50.0,4000.0,46.4412
30-07-2018,t6,28.42222,79.02222,1004.535778,2.25,1623.4941,54612.0,36.3556
31-07-2018,t6,22.60714,99.0,1005.134643,4.5,371.3,4000.0,29.7143
03-08-2018,t6,26.33333,94.30556,1007.181667,2.25,1661.2632,8865.0,1.6389
04-08-2018,t6,24.2234,98.02128,1007.340319,42.75,1424.4211,16810.0,0.0
05-08-2018,t6,21.92222,99.0,1006.966556,90.0,380.2549,4000.0,0.0
06-08-2018,t6,21.3871,99.0,1006.637742,65.25,386.566,4000.0,0.0
07-08-2018,t6,21.0,99.0,1008.34,51.75,460.7407,4000.0,0.0
08-08-2018,t6,24.33333,97.0625,1009.780313,24.75,2012.4182,17774.0,0.0
09-08-2018,t6,24.78652,97.03371,1012.471011,22.5,2948.68,25988.0,0.0
10-08-2018,t6,24.94444,97.72222,1010.565333,0.0,1324.4038,5733.0,0.0
11-08-2018,t6,24.43956,98.82418,1006.311209,0.0,947.2157,6801.0,0.0
12-08-2018,t6,23.43956,99.0,1003.457692,128.25,844.549,10005.0,0.0
13-08-2018,t6,23.24719,99.0,1005.50809,141.75,1329.4314,4000.0,0.0
14-08-2018,t6,24.94681,95.67021,1007.206277,18.0,3894.6481,28942.0,0.0
15-08-2018,t6,24.87912,95.69231,1009.087143,0.0,2380.1132,27180.0,0.0
16-08-2018,t6,25.97849,95.88172,1011.666667,4.5,4204.0192,24556.0,0.0
17-08-2018,t6,24.5,98.59375,1009.205625,6.75,914.8704,5221.0,0.0
18-08-2018,t6,23.65591,98.97849,1008.249677,38.25,1419.3019,8951.0,0.0
19-08-2018,t6,25.95327,96.98131,1007.674206,0.0,2457.6471,21397.0,0.0
20-08-2018,t6,25.23404,98.07447,1009.357766,24.75,1313.1961,5988.0,0.0
21-08-2018,t6,23.34409,99.0,1010.002581,18.0,691.6538,4000.0,0.0
22-08-2018,t6,24.52632,98.45263,1008.647895,51.75,1296.5769,8700.0,0.0
23-08-2018,t6,23.31868,99.0,1008.080549,105.75,842.7407,8491.0,0.0
24-08-2018,t6,23.76842,98.87368,1007.840842,213.75,1994.3137,18514.0,0.0
25-08-2018,t6,24.36559,98.02151,1007.057097,4.5,1243.549,11864.0,0.0
26-08-2018,t6,24.63736,97.10989,1007.448242,11.25,1656.88,17127.0,0.0
27-08-2018,t6,25.0625,95.8125,1009.534792,0.0,1948.75,19430.0,0.0
28-08-2018,t6,25.24211,97.14737,1010.617368,2.25,1179.0189,5988.0,0.0
29-08-2018,t6,24.84783,98.11957,1011.456413,11.25,858.0,4256.0,0.0
30-08-2018,t6,24.32292,98.625,1008.917396,15.75,833.6415,4000.0,0.0
31-08-2018,t6,24.23077,98.21978,1009.503516,38.25,958.6939,4936.0,0.0
01-09-2018,t6,24.65217,97.69565,1011.193913,11.25,1241.52,6939.0,0.0
02-09-2018,t6,23.28421,99.0,1011.156737,9.0,631.2115,4000.0,0.0
03-09-2018,t6,23.19355,99.0,1011.137204,2.25,721.9796,4000.0,0.0
04-09-2018,t6,23.8,98.9,1011.700778,83.25,1029.7255,4000.0,0.0
05-09-2018,t6,24.61111,98.25556,1011.012,0.0,1302.7347,9440.0,0.0
06-09-2018,t6,25.29365,97.38095,1011.201825,0.0,1829.6479,21500.0,0.0
07-09-2018,t6,22.69444,98.90741,1013.32463,2.25,540.3673,4000.0,0.0
08-09-2018,t6,22.99038,97.16346,1013.853846,2.25,1090.56,4000.0,0.0
09-09-2018,t6,23.82105,98.31579,1014.947263,2.25,763.5098,4000.0,0.0
10-09-2018,t6,24.06383,98.52128,1015.582872,0.0,812.0816,4000.0,0.0
11-09-2018,t6,23.1236,98.95506,1014.544607,0.0,734.875,4000.0,0.0
12-09-2018,t6,22.03297,98.76923,1011.572857,4.5,577.3469,4000.0,0.0
13-09-2018,t6,21.80682,98.93182,1011.115227,0.0,726.2889,4000.0,0.0
14-09-2018,t6,20.90805,98.41379,1014.025977,4.5,914.5814,7233.0,0.0
15-09-2018,t6,21.61458,98.0,1016.0275,0.0,822.0192,4000.0,0.0
16-09-2018,t6,20.88043,97.46739,1014.564565,4.5,808.7959,7847.0,0.0
17-09-2018,t6,20.43617,97.3617,1013.542447,0.0,762.0196,7555.0,0.0
18-09-2018,t6,20.26042,97.97917,1013.615417,0.0,943.4151,7139.0,0.0
19-09-2018,t6,20.64516,96.88172,1013.671505,0.0,744.52,12209.0,0.0
20-09-2018,t6,21.03371,96.83146,1014.674719,0.0,692.1522,5862.0,0.0
21-09-2018,t6,22.61702,97.98936,1017.540851,0.0,924.2041,3009.0,0.0
22-09-2018,t6,18.7033,99.0,1018.442967,0.0,160.1136,4000.0,0.0
23-09-2018,t6,18.3871,99.0,1017.046559,2.25,243.1111,4000.0,0.0
24-09-2018,t6,17.27473,99.0,1015.360659,0.0,172.8409,4000.0,0.0
25-09-2018,t6,19.14894,99.0,1015.18,0.0,671.551,5726.0,0.0
26-09-2018,t6,19.90323,98.88172,1014.68172,0.0,482.375,4000.0,0.0
27-09-2018,t6,20.76667,98.83333,1015.949333,0.0,776.5652,6278.0,0.0
28-09-2018,t6,20.3913,98.94565,1017.218261,0.0,563.0435,4000.0,0.0
29-09-2018,t6,19.75269,98.16129,1018.263656,0.0,521.5745,4000.0,0.0
30-09-2018,t6,19.46739,98.56522,1016.893152,2.25,478.7391,4000.0,0.0
01-10-2018,t6,18.95556,96.64444,1016.950222,0.0,531.4894,7544.0,0.0
02-10-2018,t6,18.81915,93.12766,1018.111915,0.0,551.2609,5298.0,0.0
03-10-2018,t6,18.51579,93.93684,1017.387895,4.5,552.9787,4000.0,0.0
04-10-2018,t6,18.54912333333333,91.44034833333332,1019.144022,2.25,523.9565,4000.0,0.0
05-10-2018,t6,18.582456666666666,88.94385666666666,1020.365385,2.25,406.8298,4000.0,0.0
06-10-2018,t6,18.61579,86.44736499999999,1019.158427,0.0,428.6429,4000.0,0.0
07-10-2018,t6,18.64912333333333,83.95087333333333,1018.439149,4.5,301.3617,4000.0,0.0
08-10-2018,t6,18.682456666666667,81.45438166666668,1016.903789,4.5,286.5417,4000.0,0.0
09-10-2018,t6,18.71579,78.95789,1017.158842,0.0,484.6444,4000.0,0.0
10-10-2018,t6,18.93548,73.74194,1017.567097,0.0,509.7778,4000.0,0.0
11-10-2018,t6,16.26596,94.04255,1018.632447,2.25,259.9302,4000.0,0.0
12-10-2018,t6,15.76344,94.82796,1019.769247,9.0,246.4222,4000.0,0.0
13-10-2018,t6,15.90323,94.03226,1019.422903,4.5,279.7174,4000.0,0.0
14-10-2018,t6,15.6875,95.35417,1018.560104,0.0,245.46,4000.0,0.0
15-10-2018,t6,15.88298,90.02128,1019.206064,0.0,240.087,4000.0,0.0
16-10-2018,t6,16.21505,78.68817,1019.69172,0.0,353.6087,4000.0,0.0
17-10-2018,t6,16.36667,74.43333,1018.504556,0.0,262.2889,4000.0,0.0
18-10-2018,t6,16.28125,78.19792,1018.207604,0.0,280.9574,4000.0,0.0
19-10-2018,t6,16.5,74.69565,1019.391304,0.0,317.6222,4000.0,0.0
20-10-2018,t6,15.76042,78.03125,1021.350625,0.0,269.4681,4000.0,0.0
21-10-2018,t6,15.46053,83.98684,1021.637237,0.0,297.6667,4000.0,0.0
22-10-2018,t6,12.78261,91.38095,1015.0,0.0,0.0,4000.0,10.3043
13-11-2018,t6,15.51923,85.05769,1016.910385,2.25,444.44,4000.0,0.0
14-11-2018,t6,12.64894,94.52128,1017.499149,36.0,309.55,4000.0,0.0
15-11-2018,t6,10.74747,98.9899,1020.386061,9.0,255.7442,4000.0,0.0
16-11-2018,t6,11.40777,97.05825,1017.875146,0.0,194.4889,4000.0,0.0
17-11-2018,t6,11.42708,97.78125,1016.212188,0.0,218.2727,4000.0,0.0
18-11-2018,t6,12.69072,88.42268,1018.271134,0.0,191.1,4000.0,0.0
19-11-2018,t6,12.41176,89.05882,1020.04,0.0,0.0,4000.0,0.0
28-06-2018,t7,24.0,90.0,1014.677832,0.0,137.5,4000.0,0.0
29-06-2018,t7,24.72642,84.65094,1014.677832,0.0,137.4,4000.0,0.0
10-07-2018,t7,22.07843,60.78431,1014.677832,22.5,59.5,4000.0,1.0
11-07-2018,t7,26.05594,83.47552,1012.823357,22.5,164.1034,4000.0,1.0
12-07-2018,t7,26.2971,81.17391,1004.693478,22.5,146.0476,4000.0,1.0
13-07-2018,t7,16.80556,66.05556,1014.677832,637.5,21.6711,4000.0,1.0
15-07-2018,t7,25.16667,83.92593,1011.715,22.5,7651.3077,54612.0,9.8704
18-07-2018,t7,21.52,99.0,1014.65,0.0,0.0,4000.0,3.0
19-07-2018,t7,24.21127,95.07042,1014.422042,22.5,5680.7159,37670.0,2.9859
20-07-2018,t7,23.71329,97.09091,1013.585245,22.5,4898.314,23204.0,2.993
21-07-2018,t7,23.1831,98.71127,1013.343521,22.5,3444.4943,10791.0,2.9859
25-07-2018,t7,24.39,99.72,1014.677832,0.0,47.4,4000.0,97.8
28-07-2018,t7,20.95652,99.0,1013.746522,11.25,338.7895,4000.0,46.8261
29-07-2018,t7,22.84375,99.0,1013.381875,580.5,1502.9385,6337.0,47.8854
30-07-2018,t7,25.40816,98.2449,1012.15,22.5,545.2727,4000.0,47.7959
31-07-2018,t7,21.14103,99.0,1012.128974,0.0,151.7273,4000.0,48.0
01-08-2018,t7,23.0219,99.0,1012.652263,0.0,1425.747,5135.0,48.3869
02-08-2018,t7,24.29371,98.96503,1014.179441,0.0,1710.6,4991.0,49.0
03-08-2018,t7,23.34266,99.0,1014.235664,0.0,894.9881,4000.0,49.2727
04-08-2018,t7,22.13986,99.0,1013.892587,0.0,670.9146,4000.0,50.0
05-08-2018,t7,19.88732,99.0,1013.489437,0.0,234.8025,4000.0,49.8451
06-08-2018,t7,19.52113,99.0,1013.137535,0.0,296.9512,4000.0,49.993
07-08-2018,t7,19.14184,99.0,1014.838723,0.0,327.0741,4000.0,50.0
08-08-2018,t7,23.07801,99.0,1016.412128,0.0,1159.5488,4701.0,49.9929
09-08-2018,t7,23.62143,99.0,1019.114214,0.0,1271.4512,4658.0,49.4571
10-08-2018,t7,23.48936,99.0,1017.154326,0.0,843.3537,4000.0,49.0
11-08-2018,t7,22.96429,99.0,1012.894714,0.0,652.679,4000.0,49.0
12-08-2018,t7,21.82979,99.0,1010.104539,0.0,495.3947,4000.0,49.0
13-08-2018,t7,21.46809,99.0,1011.97695,0.0,732.5789,4000.0,48.3121
14-08-2018,t7,23.59155,99.0,1013.80338,0.0,1265.1829,4079.0,48.0
15-08-2018,t7,23.85315,99.0,1015.736224,0.0,906.2317,4000.0,48.0
16-08-2018,t7,24.7972,99.0,1018.301958,0.0,1218.5926,4000.0,48.0
17-08-2018,t7,22.93706,99.0,1015.809091,0.0,490.284,4000.0,48.0
18-08-2018,t7,22.27273,99.0,1014.881329,0.0,597.9383,4000.0,48.7832
19-08-2018,t7,23.97887,99.0,1014.176338,0.0,667.561,4000.0,48.5141
20-08-2018,t7,24.13986,99.0,1015.994755,0.0,732.2152,4000.0,48.1608
21-08-2018,t7,21.84746,99.0,1016.64339,0.0,254.8625,4000.0,48.9915
22-08-2018,t7,23.48227,99.0,1015.280922,0.0,673.4416,4000.0,49.0
23-08-2018,t7,21.92188,99.0,1014.651484,0.0,267.3974,4000.0,48.9922
25-08-2018,t7,21.7381,99.0,1004.166905,0.0,245.0833,4000.0,52.1667
26-08-2018,t7,23.40625,99.0,1003.780521,0.0,695.8689,4000.0,51.6354
28-08-2018,t7,25.59155,99.0,1007.680986,951.75,2069.2791,5620.0,54.0
29-08-2018,t7,22.91176,99.0,1008.162353,281.25,813.88,4000.0,53.875
30-08-2018,t7,23.07407,99.0,1005.677481,684.0,1314.6579,5862.0,53.4741
31-08-2018,t7,22.49254,99.0,1006.292761,463.5,1034.2778,4000.0,53.1119
01-09-2018,t7,23.13235,99.0,1007.952647,420.75,1053.5333,4000.0,53.2941
02-09-2018,t7,21.43636,99.0,1007.772545,119.25,654.0606,4000.0,53.0
20-09-2018,t7,24.70455,96.13636,1012.602045,0.0,151.0,4000.0,51.9091
21-09-2018,t7,23.84615,96.05594,1014.27021,1329.75,624.8442,4000.0,53.0
22-09-2018,t7,17.39716,99.0,1014.851844,0.0,624.8442,4000.0,52.6383
23-09-2018,t7,17.04196,99.0,1013.267133,0.0,624.8442,4000.0,52.0
24-09-2018,t7,15.6993,99.0,1011.555175,0.0,624.8442,4000.0,51.9231
25-09-2018,t7,22.04225,95.30282,1011.777676,173.25,624.8442,4000.0,52.0
26-09-2018,t7,23.72727,90.46154,1011.478531,211.5,624.8442,4000.0,51.2867
27-09-2018,t7,17.01852,99.0,1011.772037,45.0,368.85,4000.0,52.3519
28-09-2018,t7,18.69697,99.0,1013.1124075,0.0,1.0,4000.0,0.0
29-09-2018,t7,17.81111,99.0,1014.452778,51.75,498.625,4000.0,0.0667
30-09-2018,t7,17.03175,98.98413,1013.535556,173.25,618.5517,4000.0,0.0
08-11-2018,t7,23.0,63.2,1014.677832,0.0,484.27585,4000.0,0.0
29-06-2018,t8,25.66667,82.66667,1014.677832,0.0,350.0,4000.0,0.0
10-07-2018,t8,13.0,91.38095,1014.677832,0.0,1623.4941,39305.0,24.9792
11-07-2018,t8,15.0,51.0,1010.356667,1300.5,0.0,4000.0,0.0
12-07-2018,t8,18.33333,77.25,999.7183333,0.0,1623.4941,54612.0,64.0
15-07-2018,t8,22.9375,79.04688,1014.677832,326.25,6425.2195,21435.0,77.9063
18-07-2018,t8,21.54286,95.6,1014.677832,54.0,5221.17225,4000.0,84.8
19-07-2018,t8,25.47887,85.52817,1015.274718,22.5,4017.125,12938.0,92.6549
20-07-2018,t8,24.68531,90.43357,1014.976275,22.5,3090.8721,12038.0,80.1678
21-07-2018,t8,23.86713,95.11888,1014.677832,114.75,2155.3256,13044.0,76.3007
22-07-2018,t8,22.76761,98.40845,1015.528662,22.5,1369.5977,6499.0,56.0352
23-07-2018,t8,24.36207,91.47414,1015.43,22.5,2361.3023,11920.0,60.8448
24-07-2018,t8,22.31325,99.0,1016.528313,621.0,853.931,4000.0,15.1566
25-07-2018,t8,23.77083,95.53472,1014.776597,22.5,1913.2674,6570.0,8.0903
26-07-2018,t8,21.58779,99.0,1015.544351,1818.0,539.1781,4000.0,20.2366
27-07-2018,t8,21.59028,98.99306,1015.664028,783.0,916.6163,4000.0,34.0972
28-07-2018,t8,22.0,99.0,1016.240494,22.5,1058.9091,4000.0,47.8642
30-07-2018,t8,24.83333,82.45455,1014.276818,2.25,711.95,4000.0,69.0
31-07-2018,t8,24.32394,91.50704,1014.917958,22.5,2779.3214,10505.0,57.7324
01-08-2018,t8,24.65041,84.87805,1015.513821,22.5,2983.2471,4000.0,23.6911
03-08-2018,t8,26.375,89.625,1005.27375,0.0,738.5,4000.0,90.125
04-08-2018,t8,22.4023,97.87356,1006.325172,949.5,1160.1818,6056.0,89.8276
05-08-2018,t8,20.39326,99.0,1006.265843,99.0,337.8113,4000.0,90.0
06-08-2018,t8,19.7,99.0,1006.104333,0.0,252.625,4000.0,75.65
07-08-2018,t8,19.35484,99.0,1007.979892,0.0,497.2037,4000.0,73.4086
08-08-2018,t8,23.23077,93.87912,1009.379121,22.5,2023.5472,6374.0,57.3846
09-08-2018,t8,22.63043,93.58696,1011.975435,0.0,2865.2632,8276.0,0.0
10-08-2018,t8,21.36364,99.0,1011.353636,0.0,634.6667,4000.0,0.0
12-08-2018,t8,22.11111,98.77778,1001.916667,0.0,452.0,4000.0,0.0
13-08-2018,t8,23.84783,98.76087,1005.281957,0.0,1681.3333,4223.0,0.0
14-08-2018,t8,24.48438,91.51563,1005.849219,0.0,2543.8478,8342.0,0.0
25-08-2018,t8,22.73438,99.0,997.8017188,9.0,1208.0571,4000.0,93.7969
26-08-2018,t8,23.73381,92.84892,1008.125755,438.75,2874.0,8223.0,96.2518
27-08-2018,t8,25.52482,84.83688,1010.287943,1559.25,4047.358,9098.0,96.7943
28-08-2018,t8,25.34043,87.46099,1011.461206,1039.5,3923.5897,9965.0,96.9149
29-08-2018,t8,23.77305,95.33333,1012.32922,405.0,2618.3671,8942.0,96.9929
30-08-2018,t8,23.67626,96.64748,1011.426573,582.75,2605.4875,8499.0,96.9856
31-08-2018,t8,23.00741,95.22222,1010.523926,83.25,2377.5733,8316.0,96.9407
01-09-2018,t8,23.68382,97.98529,1012.252353,234.0,2548.3924,9162.0,97.0
02-09-2018,t8,21.70504,98.96403,1012.252734,15.75,1317.2949,4573.0,97.0
03-09-2018,t8,22.13571,98.55,1012.276643,18.0,2074.07785,6634.0,97.0
04-09-2018,t8,22.66906,96.82014,1012.899424,666.0,2830.8608,10007.0,97.0
05-09-2018,t8,23.22857,98.28571,1012.128786,625.5,2704.7632,8130.0,97.0
06-09-2018,t8,25.02878,89.89209,1012.255108,1365.75,3691.28,9674.0,97.0
07-09-2018,t8,24.079605,89.64234,1014.57635,1129.5,3652.6533,10290.0,97.0
08-09-2018,,23.13043,94.02899,1015.003478,587.25,2339.4156,7623.0,97.0
09-09-2018,t8,23.13571,96.58571,1016.018071,524.25,2594.3421,8320.0,97.0
10-09-2018,,23.26429,96.76429,1016.6715,317.25,2559.3289,8002.0,97.0
11-09-2018,t8,23.04412,97.01471,1015.675368,492.75,2665.5974,9579.0,97.0
12-09-2018,t8,22.80851,91.24113,1012.697376,920.25,3804.9342,9295.0,97.0142
13-09-2018,t8,21.6875,97.88281,1012.345156,218.25,2474.32,9375.0,96.9609
14-09-2018,,22.0,86.6383,1015.29156,1158.75,3761.6184,9674.0,97.078
15-09-2018,t8,21.49296,93.75352,1017.014507,105.75,2837.5584,6415.0,97.1479
16-09-2018,t8,22.71831,82.35211,1015.810352,2022.75,4639.1067,7972.0,97.2465
17-09-2018,t8,22.67832,80.05594,1015.017063,2009.25,4662.859,8169.0,97.3287
18-09-2018,,21.31852,78.97037,1014.939407,22.5,4779.3889,8310.0,90.8519
19-09-2018,t8,24.06429,77.7,1014.969786,22.5,1623.4941,54612.0,89.1143
20-09-2018,t8,19.61654,62.57895,1015.921654,22.5,1623.4941,54612.0,92.8947
21-09-2018,t8,23.11972,88.14789,1018.117817,22.5,1623.4941,53604.0,84.3732
22-09-2018,t8,17.30496,99.0,1018.76227,438.75,1464.6267,4725.0,83.305
23-09-2018,t8,17.05674,99.0,1017.204752,285.75,1916.8,9524.0,80.8723
24-09-2018,t8,16.06383,99.0,1015.490709,225.0,1375.8026,4000.0,78.1915
25-09-2018,t8,20.52857,89.9,1015.576214,22.5,1623.4941,54612.0,76.5214
26-09-2018,t8,22.87943,81.44681,1015.291064,22.5,1623.4941,54612.0,74.4681
27-09-2018,t8,22.59712,85.61871,1016.097698,22.5,1623.4941,54612.0,76.4101
28-09-2018,t8,21.0922,92.57447,1017.125674,22.5,1623.4941,54612.0,78.6383
29-09-2018,t8,21.95652,82.65942,1018.420652,22.5,1623.4941,54612.0,81.8333
30-09-2018,t8,22.02878,81.56835,1017.112662,22.5,1623.4941,54612.0,79.554
01-10-2018,t8,22.10242,71.4964,1017.539856,22.5,1623.4941,54612.0,76.2086
02-10-2018,t8,22.17606,58.61972,1018.866831,22.5,1623.4941,54612.0,77.0915
03-10-2018,t8,21.67626,59.14388,1018.029424,22.5,1623.4941,54612.0,76.0432
04-10-2018,t8,20.97163,52.95745,1020.02,22.5,1623.4941,54612.0,79.5106
05-10-2018,t8,20.9999,47.06294,1021.417762,22.5,1623.4941,54612.0,82.1888
06-10-2018,t8,21.02817,46.29577,1020.105352,22.5,1623.4941,54612.0,84.7324
07-10-2018,t8,20.53147,49.30769,1019.262308,22.5,1623.4941,54612.0,87.1119
08-10-2018,t8,20.60839,57.76224,1017.364126,22.5,1623.4941,54612.0,86.993
09-10-2018,t8,20.87234,50.57447,1017.84844,22.5,1623.4941,54612.0,85.0071
10-10-2018,t8,20.63504,46.32117,1018.390365,22.5,1623.4941,54612.0,84.6569
11-10-2018,t8,17.48921,70.2518,1018.703453,22.5,1623.4941,54612.0,84.0791
12-10-2018,t8,18.20863,73.5036,1019.888489,22.5,1623.4941,54612.0,84.3597
13-10-2018,t8,18.17986,71.82734,1019.526906,22.5,1623.4941,54612.0,85.7338
14-10-2018,t8,18.48227,70.85816,1018.650142,22.5,1623.4941,54612.0,87.1206
15-10-2018,t8,18.92308,61.07692,1019.644755,22.5,1623.4941,54612.0,87.7483
16-10-2018,t8,19.38462,45.17483,1020.61049,22.5,1623.4941,54612.0,87.2727
17-10-2018,t8,19.8227,39.35461,1019.70922,22.5,1623.4941,54612.0,87.0071
18-10-2018,t8,19.65032,40.033925,1020.07461,22.5,1623.4941,54612.0,87.1079
19-10-2018,t8,19.47794,40.71324,1020.44,22.5,1623.4941,54612.0,86.7574
20-10-2018,t8,18.59155,45.50704,1022.19007,22.5,1623.4941,54612.0,86.7887
21-10-2018,t8,18.17143,49.1,1022.324,22.5,1623.4941,54612.0,86.5857
22-10-2018,t8,17.7482,45.09353,1020.725899,22.5,1623.4941,54612.0,87.0576
23-10-2018,t8,17.57447,40.21277,1020.858652,22.5,1623.4941,54612.0,87.1773
24-10-2018,t8,16.78947,41.13534,1021.35188,22.5,1623.4941,54612.0,87.1203
25-10-2018,t8,17.94326,44.31206,1022.309929,22.5,1623.4941,54612.0,87.1986
26-10-2018,t8,17.84397,49.30496,1023.671489,22.5,1623.4941,54612.0,87.305
27-10-2018,t8,17.92958,51.1831,1023.809014,22.5,1623.4941,54612.0,87.3592
28-10-2018,t8,18.33813,54.10791,1023.328777,22.5,1623.4941,54612.0,87.5324
29-10-2018,t8,18.4539,60.25532,1022.318723,22.5,1623.4941,54612.0,88.0709
30-10-2018,t8,17.95,80.03571,1021.550929,22.5,1623.4941,54612.0,88.0143
31-10-2018,t8,17.857979999999998,83.51431,1021.4069185,22.5,1623.4941,54612.0,88.06035
01-11-2018,t8,17.76596,86.99291,1021.262908,22.5,1623.4941,54612.0,88.1064
02-11-2018,t8,15.01481,80.38519,1020.507852,1809.0,1623.4941,54612.0,88.7111
03-11-2018,t8,14.11656,98.73759,1018.691489,1226.25,1623.4941,54612.0,87.9858
04-11-2018,t8,13.21831,98.30986,1018.803662,22.5,1623.4941,54612.0,86.8732
05-11-2018,t8,14.52817,84.00704,1019.298592,22.5,1623.4941,54221.0,86.9366
06-11-2018,t8,15.15603,65.51064,1019.803688,22.5,1623.4941,54612.0,87.4823
07-11-2018,t8,15.72535,68.6338,1019.838944,22.5,1623.4941,54612.0,88.1338
08-11-2018,t8,14.61972,80.19718,1020.674718,22.5,1623.4941,54612.0,88.9366
09-11-2018,t8,15.4,83.33571,1018.716214,22.5,1623.4941,54612.0,89.45
10-11-2018,t8,15.49645,84.83688,1019.538085,22.5,1623.4941,54612.0,90.1773
11-11-2018,t8,15.27465,77.61268,1020.735915,22.5,1623.4941,54612.0,90.7535
12-11-2018,t8,16.43662,53.23944,1019.90507,22.5,1623.4941,54612.0,90.6268
13-11-2018,t8,13.82014,74.97842,1016.919712,1964.25,1623.4941,54612.0,91.3165
14-11-2018,t8,12.98592,85.47887,1017.389155,22.5,1623.4941,54612.0,91.2958
15-11-2018,t8,12.23404,96.35461,1019.805035,22.5,1623.4941,54612.0,90.922
16-11-2018,t8,13.71831,85.22535,1017.835282,22.5,1623.4941,54612.0,91.5634
17-11-2018,t8,13.16312,87.5461,1016.108794,22.5,1623.4941,54612.0,91.8652
18-11-2018,t8,15.2,66.54286,1018.786929,22.5,1623.4941,54612.0,92.2714
19-11-2018,t8,16.14685,65.66434,1022.072727,22.5,1623.4941,54612.0,92.7203
20-11-2018,t8,16.04255,68.88652,1022.173121,0.0,1623.4941,54612.0,92.8582
21-11-2018,t8,15.47518,69.60993,1021.402695,0.0,1623.4941,54612.0,93.078
22-11-2018,t8,14.65248,76.13475,1021.889078,0.0,1623.4941,54612.0,93.5035
23-11-2018,t8,14.95035,69.07092,1023.923333,0.0,1623.4941,54612.0,93.7589
24-11-2018,t8,16.34266,59.11888,1021.478252,0.0,1623.4941,54612.0,93.8392
25-11-2018,t8,17.05825,52.48544,1021.869223,4.5,1623.4941,54612.0,94.0097
10-07-2018,t9,25.0,84.0,1015.105556,0.0,8.0,4000.0,0.0
12-07-2018,t9,15.26437,57.27586,1014.677832,20.25,8729.0588,54612.0,21.4253
13-07-2018,t9,20.84615,97.94872,1013.816282,321.75,2874.8125,14237.0,57.1154
15-07-2018,t9,16.06122,91.38095,1012.452857,2.25,808.8,4000.0,69.1429
16-07-2018,t9,13.5,57.0,1013.786667,688.5,0.0,4000.0,73.6667
18-07-2018,t9,21.83333,91.38095,1012.102619,6.75,309.4737,4000.0,55.881
19-07-2018,t9,25.81752,87.0292,1014.677445,2.25,5998.4471,26262.0,58.7737
20-07-2018,t9,25.86131,88.64234,1013.828102,60.75,3613.7558,18320.0,61.3723
21-07-2018,t9,24.77941,94.01471,1013.548603,765.0,3955.4824,54612.0,57.9191
22-07-2018,t9,24.524035,97.35556,1014.343444,1125.0,2316.5833,7104.0,61.1444
23-07-2018,t9,24.26866,93.75373,1014.161343,868.5,3842.9221,23290.0,61.7836
24-07-2018,t9,23.0,98.36232,1014.925145,1107.0,1623.4941,8200.0,64.4928
25-07-2018,t9,24.72993,95.37226,1012.884818,405.0,5050.4615,54612.0,64.6715
26-07-2018,t9,22.56604,99.0,1012.446792,731.25,178.6471,4000.0,64.1698
28-07-2018,t9,20.96552,92.08621,1013.711724,157.5,625.0,4000.0,64.8276
29-07-2018,t9,24.26573,91.81119,1013.729231,22.5,1985.1395,5645.0,69.1329
30-07-2018,t9,25.44366,81.44366,1012.949718,22.5,1984.8929,4582.0,72.2958
31-07-2018,t9,24.38806,92.06716,1012.31,22.5,1009.1139,4000.0,72.1791
01-08-2018,t9,23.66423,91.75182,1012.881752,22.5,1117.875,4000.0,68.1752
02-08-2018,t9,24.82014,91.48921,1014.31036,22.5,1352.6265,4024.0,65.9424
03-08-2018,t9,24.78723,95.21986,1014.423121,794.25,996.9524,4000.0,68.5603
04-08-2018,t9,23.62963,98.68148,1014.070741,22.5,585.5467,4000.0,68.7556
05-08-2018,t9,21.68571,99.0,1013.718214,1536.75,127.2949,4000.0,69.7857
06-08-2018,t9,21.11364,99.0,1013.436364,954.0,140.3714,4000.0,70.2273
07-08-2018,t9,21.15267,99.0,1015.122748,731.25,186.8056,4000.0,70.2824
08-08-2018,t9,23.83784,98.11712,1016.086577,22.5,483.64,4000.0,69.2883
09-08-2018,t9,27.625,92.04167,1019.348333,22.5,764.3684,4000.0,67.5833
10-08-2018,t9,22.0,99.0,1016.103333,18.0,0.0,4000.0,70.0
11-08-2018,t9,22.36585,99.0,1013.982927,1926.0,230.7857,4000.0,70.122
12-08-2018,t9,25.94118,97.64706,1010.687059,1818.0,555.1176,4000.0,71.4118
13-08-2018,t9,21.8,99.0,1012.685429,22.5,281.4242,4000.0,70.9714
14-08-2018,t9,27.7,92.6,1012.891,22.5,746.5,4000.0,68.4
15-08-2018,t9,25.43434,92.30303,1016.089091,22.5,430.0536,4000.0,71.0606
16-08-2018,t9,25.02062,96.02062,1018.617732,22.5,461.322,4000.0,71.5464
17-08-2018,t9,23.92929,98.51515,1015.74404,243.0,153.5,4000.0,68.5859
18-08-2018,t9,21.32787,99.0,1015.307705,373.5,103.4138,4000.0,67.3934
19-08-2018,t9,25.73684,97.42105,1014.688684,22.5,451.6579,4000.0,68.3158
20-08-2018,t9,25.41905,97.5619,1016.490381,22.5,337.4533,4000.0,67.2952
21-08-2018,t9,22.625,98.99038,1016.381346,47.25,155.2909,4000.0,68.3365
22-08-2018,t9,21.52381,99.0,1016.390952,308.25,0.0,4000.0,67.9048
23-08-2018,t9,23.54839,99.0,1014.627742,936.0,175.1875,4000.0,67.5323
24-08-2018,t9,25.12644,97.63218,1014.356782,22.5,175.1875,4000.0,66.8966
25-08-2018,t9,23.43846,98.57692,1013.618846,2029.5,10056.35,54612.0,67.6769
26-08-2018,t9,24.21547,97.38554,1014.368554,22.5,10056.35,54612.0,67.0361
27-08-2018,t9,24.99248,93.83459,1016.004586,22.5,7252.8592,54612.0,69.0226
28-08-2018,t9,25.49206,93.69048,1017.158016,22.5,483.64,4000.0,79.4127
29-08-2018,t9,24.17647,96.78992,1018.05605,22.5,483.64,4000.0,98.5126
30-08-2018,t9,23.7482,98.23022,1015.427266,22.5,483.64,4000.0,97.9784
31-08-2018,t9,24.34314,98.16667,1016.06402,22.5,483.64,4000.0,97.3235
01-09-2018,t9,24.06061,97.45455,1017.514141,22.5,508.4085,4000.0,97.5152
02-09-2018,t9,22.36364,99.0,1017.52,2.25,217.5,4000.0,94.1818
03-09-2018,t9,21.64706,99.0,1017.540588,0.0,429.5294,4000.0,95.0
04-09-2018,t9,24.82609,96.71739,1018.103043,22.5,510.4507,4000.0,96.0326
05-09-2018,t9,23.83571,97.85,1017.401,22.5,483.64,4000.0,96.5857
06-09-2018,t9,25.31387,92.86131,1017.411095,22.5,483.64,4000.0,95.5839
07-09-2018,t9,17.66412,59.25954,1019.895191,22.5,483.64,4000.0,99.6947
08-09-2018,t9,24.48936,89.48227,1020.287021,22.5,483.64,4000.0,99.8582
09-09-2018,t9,24.55319,93.56028,1021.342411,22.5,483.64,4000.0,100.0
10-09-2018,t9,23.57447,89.75177,1022.019291,22.5,483.64,4000.0,100.0
11-09-2018,t9,22.493755,82.01719,1019.858939,22.5,483.64,4000.0,99.1367
12-09-2018,t9,21.41304,74.28261,1017.698587,22.5,590.766,4000.0,98.2935
13-09-2018,t9,21.31915,87.67376,1017.540709,22.5,483.64,4000.0,100.0
14-09-2018,t9,23.0,84.88372,1020.386202,22.5,483.64,4000.0,99.8217
15-09-2018,t9,17.74648,64.97183,1022.259859,22.5,483.64,4000.0,100.0
16-09-2018,t9,24.36879,75.88652,1020.827589,22.5,483.64,4000.0,100.0
17-09-2018,t9,24.12319,69.30435,1019.810435,22.5,483.64,4000.0,100.0
18-09-2018,t9,23.87943,74.22695,1019.903546,22.5,483.64,4000.0,100.0
19-09-2018,t9,24.56522,73.86232,1019.971087,22.5,483.64,4000.0,100.0
20-09-2018,t9,24.00752,73.4812,1020.937895,22.5,483.64,4000.0,76.9624
21-09-2018,t9,22.60177,81.61947,1023.972832,22.5,6009.4464,30888.0,45.1504
22-09-2018,t9,17.79381,99.0,1024.614536,0.0,6009.4464,30888.0,43.9588
23-09-2018,t9,17.96364,99.0,1023.149273,661.5,6009.4464,30888.0,43.5455
24-09-2018,t9,16.9,99.0,1021.476929,1946.25,6009.4464,30888.0,41.25
25-09-2018,t9,21.77857,92.71429,1021.415429,22.5,6009.4464,30888.0,42.8143
26-09-2018,t9,23.64029,84.03597,1021.003957,22.5,6009.4464,30888.0,42.6259
27-09-2018,t9,22.96324,86.88971,1022.210515,22.5,6009.4464,30888.0,42.5147
28-09-2018,t9,21.25735,92.72059,1023.331765,22.5,6009.4464,30888.0,43.5809
29-09-2018,t9,23.05263,81.00752,1024.399323,22.5,6009.4464,30888.0,45.391
30-09-2018,t9,23.08148,78.0963,1023.023926,22.5,6009.4464,30888.0,46.2963
01-10-2018,t9,22.6963,67.08889,1023.085185,22.5,6009.4464,30888.0,47.0148
02-10-2018,t9,23.03008,59.05263,1024.226917,22.5,6009.4464,30888.0,47.4211
03-10-2018,t9,22.99248,60.44361,1023.445038,22.5,6009.4464,30888.0,47.797
04-10-2018,t9,21.75714,58.46429,1025.170214,22.5,6009.4464,30888.0,48.1286
05-10-2018,t9,22.28777,51.56835,1026.29741,22.5,6009.4464,30888.0,48.705
06-10-2018,t9,22.71942,45.53237,1025.100288,22.5,6009.4464,30888.0,49.0072
07-10-2018,t9,22.00735,50.90441,1024.435882,22.5,6009.4464,30888.0,49.2868
08-10-2018,t9,21.62319,58.73913,1022.898478,22.5,6009.4464,30888.0,49.8043
09-10-2018,t9,22.24286,49.10714,1023.164786,22.5,6009.4464,30888.0,50.2643
10-10-2018,t9,22.33577,47.94891,1023.60854,22.5,6009.4464,30888.0,50.9124
11-10-2018,t9,19.19424,70.53237,1024.518129,22.5,6009.4464,30888.0,51.2518
12-10-2018,t9,19.78873,66.08451,1025.635423,22.5,6009.4464,30888.0,51.4718
13-10-2018,t9,18.12057,54.14184,1025.34,22.5,6009.4464,30888.0,51.5319
14-10-2018,t9,19.88571,64.58571,1024.360714,22.5,6009.4464,30888.0,51.4286
15-10-2018,t9,20.05755,59.7554,1025.113309,22.5,6009.4464,30888.0,51.5396
16-10-2018,t9,20.55,49.15,1025.618571,22.5,6009.4464,30888.0,51.7857
17-10-2018,t9,22.11429,38.45,1024.450643,22.5,6009.4464,30888.0,51.9071
18-10-2018,t9,21.65734,42.81119,1024.121259,22.5,6009.4464,30888.0,52.0979
19-10-2018,t9,21.7234,40.88652,1025.305248,22.5,6009.4464,30888.0,52.2576
20-10-2018,t9,20.45324,44.31655,1027.199928,22.5,6009.4464,30888.0,52.4173
21-10-2018,t9,19.75524,50.54545,1027.492168,22.5,6009.4464,30888.0,52.8671
22-10-2018,t9,19.49645,45.87943,1025.611631,22.5,6009.4464,30888.0,53.1986
23-10-2018,t9,19.80142,40.90071,1025.557447,22.5,6009.4464,30888.0,53.3617
24-10-2018,t9,16.35075,38.27612,1025.8571178571428,22.5,6009.4464,30888.0,53.4328
25-10-2018,t9,19.32394,48.47887,1026.1567887142858,22.5,6009.4464,30888.0,53.8873
26-10-2018,t9,19.47857,48.96429,1026.4564595714287,22.5,6009.4464,30888.0,54.0286
27-10-2018,t9,19.05147,53.32353,1026.7561304285714,22.5,6009.4464,30888.0,54.0735
28-10-2018,t9,20.0,53.16547,1027.0558012857143,22.5,6009.4464,30888.0,54.223
29-10-2018,t9,20.32143,55.32143,1027.3554721428573,22.5,6009.4464,30888.0,54.2714
30-10-2018,t9,19.61429,65.72143,1027.655143,22.5,6009.4464,30888.0,54.3857
31-10-2018,t9,20.63971,61.25,1028.820882,22.5,6009.4464,30888.0,54.5147
01-11-2018,t9,19.05185,63.71111,1027.557852,22.5,6009.4464,30888.0,54.8
02-11-2018,t9,15.84672,62.52555,1026.67708,1095.75,6009.4464,30888.0,55.6934
03-11-2018,t9,13.67391,79.41304,1025.199855,2340.0,6009.4464,30888.0,57.0507
04-11-2018,t9,13.71127,76.48592,1025.326761,22.5,6009.4464,30888.0,56.3521
05-11-2018,t9,16.32857,61.22143,1024.9735,22.5,6009.4464,30888.0,54.9
06-11-2018,t9,16.90071,54.83688,1025.087872,22.5,6009.4464,30888.0,54.8156
07-11-2018,t9,17.42958,56.38028,1025.245986,22.5,6009.4464,30888.0,54.7887
08-11-2018,t9,16.46429,63.22857,1026.291429,22.5,6009.4464,30888.0,54.7571
09-11-2018,t9,16.61268,63.25352,1024.432535,22.5,6009.4464,30888.0,54.8099
10-11-2018,t9,17.02113,62.82394,1025.346831,22.5,6009.4464,30888.0,54.9296
11-11-2018,t9,15.70213,57.56028,1026.409433,22.5,1623.4941,54612.0,55.2057
12-11-2018,t9,17.97857,48.53571,1024.888929,22.5,6647.8923,26949.0,55.6643
13-11-2018,t9,14.91489,57.02837,1022.738298,2427.75,5521.1231,47460.0,56.1631
14-11-2018,t9,15.5,65.21875,1023.104375,22.5,5521.1231,47460.0,56.9141
15-11-2018,t9,13.7554,78.48201,1025.923597,22.5,5521.1231,47460.0,53.5755
16-11-2018,t9,14.48936,68.92908,1023.519645,22.5,5521.1231,47460.0,53.1277
17-11-2018,t9,14.19424,70.25899,1021.838561,22.5,5521.1231,47460.0,53.8921
18-11-2018,t9,16.1844,56.48936,1024.02773,22.5,5521.1231,47460.0,54.2908
19-11-2018,t9,13.16901,35.44366,1027.361127,22.5,5521.1231,47460.0,54.2113
20-11-2018,t9,12.0922,91.38095,1027.561773,22.5,5521.1231,47460.0,54.2624
21-11-2018,t9,13.80851,58.6963,1026.797407,22.5,5521.1231,47460.0,54.4222
22-11-2018,t9,15.52482,63.16312,1027.495248,22.5,5521.1231,47460.0,54.5674
23-11-2018,t9,15.8156,59.21277,1029.318511,22.5,5521.1231,47460.0,54.8794
24-11-2018,t9,16.58571,54.63571,1026.776357,22.5,5521.1231,47460.0,55.0286
25-11-2018,t9,17.9,49.41,1026.7712,22.5,5783.7581,47460.0,55.34
